user_id,register_date,gender,age_group,device,province,city,address,occupation,user_segment
U000001,2025-09-17,F,25-34,mac,北京市,北京市,北京市北京市朝阳区,其他,high_value
U000002,2025-10-18,F,45-54,android,浙江省,杭州市,浙江省杭州市浦东新区,金融从业者,high_value
U000003,2025-12-24,F,18-24,ios,山东省,青岛市,山东省青岛市武侯区,互联网从业者,high_value
U000004,2025-11-06,M,45-54,ios,四川省,成都市,四川省成都市南山区,设计师,high_value
U000005,2025-09-25,F,25-34,mac,上海市,上海市,上海市上海市武侯区,金融从业者,high_value
U000006,2025-09-11,M,35-44,windows,江苏省,南京市,江苏省南京市武侯区,自由职业,high_value
U000007,2025-08-14,F,18-24,ios,江苏省,南京市,江苏省南京市浦东新区,互联网从业者,high_value
U000008,2025-10-08,F,25-34,mac,江苏省,南京市,江苏省南京市南山区,自由职业,high_value
U000009,2025-12-05,M,45-54,ios,江苏省,南京市,江苏省南京市朝阳区,企业管理,high_value
U000010,2025-11-09,M,35-44,android,浙江省,杭州市,浙江省杭州市朝阳区,互联网从业者,high_value
U000011,2025-08-17,F,45-54,mac,浙江省,杭州市,浙江省杭州市西湖区,自由职业,high_value
U000012,2025-09-02,F,25-34,android,山东省,青岛市,山东省青岛市南山区,制造业,high_value
U000013,2025-12-06,F,35-44,android,河南省,郑州市,河南省郑州市浦东新区,金融从业者,high_value
U000014,2025-08-16,F,18-24,ios,湖北省,武汉市,湖北省武汉市武侯区,制造业,high_value
U000015,2025-09-24,F,25-34,mac,湖北省,武汉市,湖北省武汉市武侯区,自由职业,high_value
U000016,2025-08-27,F,25-34,ios,江苏省,南京市,江苏省南京市西湖区,互联网从业者,high_value
U000017,2025-08-05,F,25-34,mac,河南省,郑州市,河南省郑州市武侯区,金融从业者,high_value
U000018,2025-11-04,F,35-44,android,山东省,青岛市,山东省青岛市武侯区,企业管理,high_value
U000019,2025-11-09,F,35-44,android,浙江省,杭州市,浙江省杭州市西湖区,设计师,high_value
U000020,2025-12-05,M,18-24,ios,江苏省,南京市,江苏省南京市浦东新区,金融从业者,high_value
U000021,2025-09-15,F,25-34,ios,山东省,青岛市,山东省青岛市朝阳区,自由职业,high_value
U000022,2025-09-27,F,25-34,ios,江苏省,南京市,江苏省南京市鼓楼区,教师,high_value
U000023,2025-08-14,F,45-54,windows,湖北省,武汉市,湖北省武汉市浦东新区,制造业,high_value
U000024,2025-09-22,F,45-54,ios,湖北省,武汉市,湖北省武汉市南山区,自由职业,high_value
U000025,2025-09-05,M,25-34,mac,四川省,成都市,四川省成都市浦东新区,企业管理,high_value
U000026,2025-11-24,F,45-54,windows,上海市,上海市,上海市上海市西湖区,互联网从业者,high_value
U000027,2025-11-05,M,45-54,mac,浙江省,杭州市,浙江省杭州市朝阳区,医务工作者,high_value
U000028,2025-08-24,M,35-44,windows,四川省,成都市,四川省成都市西湖区,互联网从业者,high_value
U000029,2025-12-12,M,35-44,windows,四川省,成都市,四川省成都市西湖区,医务工作者,high_value
U000030,2025-10-16,F,45-54,windows,福建省,厦门市,福建省厦门市武侯区,医务工作者,high_value
U000031,2025-09-17,M,25-34,mac,江苏省,南京市,江苏省南京市武侯区,自由职业,high_value
U000032,2025-09-08,M,18-24,android,四川省,成都市,四川省成都市西湖区,自由职业,high_value
U000033,2025-09-26,M,18-24,mac,北京市,北京市,北京市北京市武侯区,医务工作者,high_value
U000034,2025-10-17,M,25-34,windows,北京市,北京市,北京市北京市南山区,金融从业者,high_value
U000035,2025-11-13,M,25-34,android,山东省,青岛市,山东省青岛市西湖区,企业管理,high_value
U000036,2025-08-23,M,25-34,ios,北京市,北京市,北京市北京市朝阳区,自由职业,high_value
U000037,2025-10-23,F,35-44,android,广东省,深圳市,广东省深圳市南山区,其他,high_value
U000038,2025-09-15,F,25-34,windows,四川省,成都市,四川省成都市鼓楼区,互联网从业者,high_value
U000039,2025-11-20,F,18-24,mac,福建省,厦门市,福建省厦门市朝阳区,制造业,high_value
U000040,2025-09-05,M,25-34,windows,北京市,北京市,北京市北京市南山区,制造业,high_value
U000041,2025-11-15,F,18-24,mac,广东省,深圳市,广东省深圳市南山区,金融从业者,high_value
U000042,2025-10-19,M,35-44,ios,湖北省,武汉市,湖北省武汉市武侯区,企业管理,high_value
U000043,2025-09-23,F,45-54,ios,河南省,郑州市,河南省郑州市南山区,医务工作者,high_value
U000044,2025-10-26,M,35-44,android,浙江省,杭州市,浙江省杭州市浦东新区,互联网从业者,high_value
U000045,2025-11-26,M,35-44,windows,福建省,厦门市,福建省厦门市鼓楼区,金融从业者,high_value
U000046,2025-11-09,F,45-54,mac,湖北省,武汉市,湖北省武汉市浦东新区,设计师,high_value
U000047,2025-12-15,F,35-44,ios,河南省,郑州市,河南省郑州市武侯区,金融从业者,high_value
U000048,2025-09-14,M,35-44,ios,河南省,郑州市,河南省郑州市鼓楼区,企业管理,high_value
U000049,2025-12-07,M,18-24,windows,北京市,北京市,北京市北京市鼓楼区,制造业,high_value
U000050,2025-09-18,M,18-24,windows,河南省,郑州市,河南省郑州市浦东新区,自由职业,high_value
U000051,2025-10-02,M,25-34,windows,山东省,青岛市,山东省青岛市武侯区,企业管理,high_value
U000052,2025-12-08,F,25-34,android,北京市,北京市,北京市北京市南山区,金融从业者,high_value
U000053,2025-10-03,F,45-54,ios,浙江省,杭州市,浙江省杭州市武侯区,医务工作者,high_value
U000054,2025-11-19,F,35-44,mac,福建省,厦门市,福建省厦门市武侯区,教师,high_value
U000055,2025-10-28,M,18-24,windows,广东省,深圳市,广东省深圳市鼓楼区,制造业,high_value
U000056,2025-08-14,F,18-24,android,浙江省,杭州市,浙江省杭州市武侯区,教师,high_value
U000057,2025-08-16,F,25-34,android,北京市,北京市,北京市北京市南山区,设计师,high_value
U000058,2025-10-09,F,45-54,windows,四川省,成都市,四川省成都市南山区,企业管理,high_value
U000059,2025-10-10,F,45-54,mac,湖北省,武汉市,湖北省武汉市武侯区,医务工作者,high_value
U000060,2025-12-08,F,18-24,android,上海市,上海市,上海市上海市南山区,设计师,high_value
U000061,2025-12-02,F,45-54,windows,北京市,北京市,北京市北京市鼓楼区,金融从业者,high_value
U000062,2025-12-13,M,18-24,windows,浙江省,杭州市,浙江省杭州市朝阳区,自由职业,high_value
U000063,2025-08-11,M,18-24,mac,湖北省,武汉市,湖北省武汉市朝阳区,其他,high_value
U000064,2025-12-19,M,25-34,windows,山东省,青岛市,山东省青岛市浦东新区,自由职业,high_value
U000065,2025-08-11,F,45-54,windows,北京市,北京市,北京市北京市西湖区,学生,high_value
U000066,2025-09-23,F,18-24,android,河南省,郑州市,河南省郑州市朝阳区,金融从业者,high_value
U000067,2025-11-27,F,35-44,mac,江苏省,南京市,江苏省南京市南山区,制造业,high_value
U000068,2025-09-16,M,35-44,windows,四川省,成都市,四川省成都市鼓楼区,企业管理,high_value
U000069,2025-12-20,M,18-24,android,河南省,郑州市,河南省郑州市朝阳区,自由职业,high_value
U000070,2025-11-27,M,25-34,ios,广东省,深圳市,广东省深圳市武侯区,设计师,high_value
U000071,2025-12-05,F,25-34,android,北京市,北京市,北京市北京市朝阳区,其他,high_value
U000072,2025-10-23,M,25-34,ios,四川省,成都市,四川省成都市鼓楼区,自由职业,high_value
U000073,2025-10-18,M,25-34,android,广东省,深圳市,广东省深圳市南山区,教师,high_value
U000074,2025-12-12,F,25-34,ios,福建省,厦门市,福建省厦门市朝阳区,设计师,high_value
U000075,2025-12-16,M,35-44,mac,江苏省,南京市,江苏省南京市武侯区,教师,high_value
U000076,2025-09-01,F,45-54,ios,河南省,郑州市,河南省郑州市南山区,金融从业者,high_value
U000077,2025-08-05,M,18-24,android,福建省,厦门市,福建省厦门市武侯区,设计师,high_value
U000078,2025-10-16,M,18-24,mac,湖北省,武汉市,湖北省武汉市鼓楼区,医务工作者,high_value
U000079,2025-09-02,M,45-54,ios,上海市,上海市,上海市上海市武侯区,企业管理,high_value
U000080,2025-09-25,M,18-24,android,广东省,深圳市,广东省深圳市西湖区,自由职业,high_value
U000081,2025-11-20,F,35-44,android,广东省,深圳市,广东省深圳市朝阳区,互联网从业者,high_value
U000082,2025-12-19,F,45-54,windows,上海市,上海市,上海市上海市朝阳区,自由职业,high_value
U000083,2025-08-28,F,18-24,windows,浙江省,杭州市,浙江省杭州市武侯区,金融从业者,high_value
U000084,2025-08-23,F,18-24,windows,河南省,郑州市,河南省郑州市武侯区,教师,high_value
U000085,2025-10-26,F,35-44,ios,四川省,成都市,四川省成都市南山区,自由职业,high_value
U000086,2025-12-27,M,45-54,windows,浙江省,杭州市,浙江省杭州市鼓楼区,企业管理,high_value
U000087,2025-11-02,M,25-34,windows,福建省,厦门市,福建省厦门市武侯区,企业管理,high_value
U000088,2025-09-05,M,18-24,mac,北京市,北京市,北京市北京市浦东新区,金融从业者,high_value
U000089,2025-08-02,M,35-44,ios,湖北省,武汉市,湖北省武汉市南山区,自由职业,high_value
U000090,2025-08-13,F,18-24,android,北京市,北京市,北京市北京市朝阳区,金融从业者,high_value
U000091,2025-09-10,M,35-44,mac,福建省,厦门市,福建省厦门市浦东新区,企业管理,high_value
U000092,2025-10-08,F,45-54,mac,浙江省,杭州市,浙江省杭州市鼓楼区,制造业,high_value
U000093,2025-11-17,F,35-44,windows,湖北省,武汉市,湖北省武汉市鼓楼区,制造业,high_value
U000094,2025-11-04,F,18-24,ios,上海市,上海市,上海市上海市浦东新区,学生,high_value
U000095,2025-08-10,M,45-54,ios,广东省,深圳市,广东省深圳市朝阳区,金融从业者,high_value
U000096,2025-08-06,F,45-54,mac,四川省,成都市,四川省成都市南山区,医务工作者,high_value
U000097,2025-09-14,F,35-44,ios,福建省,厦门市,福建省厦门市西湖区,其他,high_value
U000098,2025-09-23,M,25-34,windows,福建省,厦门市,福建省厦门市朝阳区,学生,high_value
U000099,2025-08-27,M,45-54,windows,上海市,上海市,上海市上海市南山区,其他,high_value
U000100,2025-09-01,M,35-44,android,浙江省,杭州市,浙江省杭州市南山区,医务工作者,high_value
U000101,2025-10-03,F,25-34,windows,江苏省,南京市,江苏省南京市南山区,其他,high_value
U000102,2025-10-07,F,35-44,mac,北京市,北京市,北京市北京市鼓楼区,教师,high_value
U000103,2025-09-13,M,35-44,ios,上海市,上海市,上海市上海市南山区,医务工作者,high_value
U000104,2025-11-20,F,25-34,android,福建省,厦门市,福建省厦门市朝阳区,金融从业者,high_value
U000105,2025-08-03,F,25-34,mac,四川省,成都市,四川省成都市朝阳区,设计师,high_value
U000106,2025-09-02,M,18-24,android,广东省,深圳市,广东省深圳市西湖区,医务工作者,high_value
U000107,2025-08-13,F,35-44,android,北京市,北京市,北京市北京市武侯区,其他,high_value
U000108,2025-10-01,M,35-44,mac,福建省,厦门市,福建省厦门市武侯区,企业管理,high_value
U000109,2025-12-18,F,18-24,mac,上海市,上海市,上海市上海市武侯区,设计师,high_value
U000110,2025-08-22,M,25-34,mac,福建省,厦门市,福建省厦门市南山区,企业管理,high_value
U000111,2025-08-02,M,25-34,ios,浙江省,杭州市,浙江省杭州市西湖区,其他,high_value
U000112,2025-08-20,F,25-34,ios,广东省,深圳市,广东省深圳市朝阳区,医务工作者,high_value
U000113,2025-10-04,F,25-34,windows,江苏省,南京市,江苏省南京市武侯区,互联网从业者,high_value
U000114,2025-09-23,F,18-24,windows,江苏省,南京市,江苏省南京市鼓楼区,互联网从业者,high_value
U000115,2025-09-19,F,45-54,windows,江苏省,南京市,江苏省南京市鼓楼区,金融从业者,high_value
U000116,2025-11-10,F,45-54,windows,河南省,郑州市,河南省郑州市朝阳区,医务工作者,high_value
U000117,2025-12-16,F,18-24,mac,四川省,成都市,四川省成都市浦东新区,企业管理,high_value
U000118,2025-12-12,F,35-44,ios,广东省,深圳市,广东省深圳市武侯区,制造业,high_value
U000119,2025-10-05,F,35-44,windows,河南省,郑州市,河南省郑州市朝阳区,金融从业者,high_value
U000120,2025-09-13,M,25-34,windows,广东省,深圳市,广东省深圳市南山区,其他,high_value
U000121,2025-09-04,F,35-44,windows,上海市,上海市,上海市上海市鼓楼区,制造业,member
U000122,2025-08-23,M,18-24,mac,四川省,成都市,四川省成都市浦东新区,制造业,member
U000123,2025-12-21,F,35-44,ios,浙江省,杭州市,浙江省杭州市鼓楼区,自由职业,member
U000124,2025-08-11,M,45-54,ios,福建省,厦门市,福建省厦门市鼓楼区,教师,member
U000125,2025-10-16,M,35-44,windows,四川省,成都市,四川省成都市武侯区,医务工作者,member
U000126,2025-08-03,M,45-54,android,浙江省,杭州市,浙江省杭州市南山区,金融从业者,member
U000127,2025-12-01,M,45-54,windows,广东省,深圳市,广东省深圳市浦东新区,企业管理,member
U000128,2025-09-13,M,18-24,ios,江苏省,南京市,江苏省南京市武侯区,金融从业者,member
U000129,2025-11-25,F,18-24,android,河南省,郑州市,河南省郑州市朝阳区,互联网从业者,member
U000130,2025-11-06,F,25-34,android,北京市,北京市,北京市北京市武侯区,设计师,member
U000131,2025-09-28,F,18-24,mac,湖北省,武汉市,湖北省武汉市武侯区,自由职业,member
U000132,2025-12-22,F,25-34,android,广东省,深圳市,广东省深圳市武侯区,制造业,member
U000133,2025-12-16,F,45-54,ios,广东省,深圳市,广东省深圳市朝阳区,设计师,member
U000134,2025-09-28,F,18-24,ios,山东省,青岛市,山东省青岛市朝阳区,学生,member
U000135,2025-12-02,M,18-24,windows,山东省,青岛市,山东省青岛市西湖区,制造业,member
U000136,2025-12-13,F,25-34,windows,湖北省,武汉市,湖北省武汉市武侯区,自由职业,member
U000137,2025-08-13,F,35-44,android,湖北省,武汉市,湖北省武汉市南山区,制造业,member
U000138,2025-11-07,F,18-24,ios,湖北省,武汉市,湖北省武汉市鼓楼区,医务工作者,member
U000139,2025-09-01,F,35-44,windows,山东省,青岛市,山东省青岛市西湖区,设计师,member
U000140,2025-08-12,M,25-34,ios,广东省,深圳市,广东省深圳市鼓楼区,教师,member
U000141,2025-11-22,F,35-44,ios,湖北省,武汉市,湖北省武汉市南山区,学生,member
U000142,2025-11-17,F,18-24,ios,湖北省,武汉市,湖北省武汉市浦东新区,设计师,member
U000143,2025-08-01,F,45-54,windows,北京市,北京市,北京市北京市南山区,教师,member
U000144,2025-10-14,M,18-24,windows,广东省,深圳市,广东省深圳市西湖区,医务工作者,member
U000145,2025-08-03,F,18-24,ios,江苏省,南京市,江苏省南京市浦东新区,教师,member
U000146,2025-09-16,M,18-24,mac,浙江省,杭州市,浙江省杭州市西湖区,教师,member
U000147,2025-12-20,F,18-24,windows,湖北省,武汉市,湖北省武汉市浦东新区,金融从业者,member
U000148,2025-08-12,M,18-24,windows,福建省,厦门市,福建省厦门市南山区,医务工作者,member
U000149,2025-10-15,M,45-54,windows,北京市,北京市,北京市北京市朝阳区,企业管理,member
U000150,2025-09-17,M,35-44,windows,江苏省,南京市,江苏省南京市武侯区,教师,member
U000151,2025-12-26,M,18-24,mac,福建省,厦门市,福建省厦门市西湖区,金融从业者,member
U000152,2025-09-24,F,35-44,mac,湖北省,武汉市,湖北省武汉市朝阳区,制造业,member
U000153,2025-09-11,F,45-54,windows,河南省,郑州市,河南省郑州市朝阳区,学生,member
U000154,2025-10-27,M,25-34,android,浙江省,杭州市,浙江省杭州市浦东新区,企业管理,member
U000155,2025-08-03,M,45-54,windows,四川省,成都市,四川省成都市南山区,设计师,member
U000156,2025-09-06,M,18-24,mac,浙江省,杭州市,浙江省杭州市南山区,教师,member
U000157,2025-10-15,M,25-34,ios,上海市,上海市,上海市上海市朝阳区,企业管理,member
U000158,2025-10-25,F,35-44,windows,四川省,成都市,四川省成都市鼓楼区,自由职业,member
U000159,2025-09-27,M,18-24,windows,河南省,郑州市,河南省郑州市南山区,教师,member
U000160,2025-10-27,M,45-54,android,广东省,深圳市,广东省深圳市西湖区,其他,member
U000161,2025-10-03,F,45-54,android,河南省,郑州市,河南省郑州市武侯区,教师,member
U000162,2025-08-14,F,45-54,mac,浙江省,杭州市,浙江省杭州市西湖区,企业管理,member
U000163,2025-09-17,M,45-54,mac,江苏省,南京市,江苏省南京市西湖区,互联网从业者,member
U000164,2025-12-11,F,18-24,ios,上海市,上海市,上海市上海市南山区,制造业,member
U000165,2025-08-20,M,18-24,ios,浙江省,杭州市,浙江省杭州市西湖区,制造业,member
U000166,2025-08-21,F,18-24,mac,北京市,北京市,北京市北京市浦东新区,设计师,member
U000167,2025-09-17,F,35-44,mac,广东省,深圳市,广东省深圳市西湖区,教师,member
U000168,2025-11-18,M,25-34,android,上海市,上海市,上海市上海市浦东新区,制造业,member
U000169,2025-09-08,F,45-54,ios,福建省,厦门市,福建省厦门市朝阳区,自由职业,member
U000170,2025-11-14,F,18-24,android,山东省,青岛市,山东省青岛市武侯区,金融从业者,member
U000171,2025-10-23,F,45-54,mac,四川省,成都市,四川省成都市西湖区,医务工作者,member
U000172,2025-11-23,F,45-54,android,河南省,郑州市,河南省郑州市浦东新区,医务工作者,member
U000173,2025-09-05,M,35-44,mac,浙江省,杭州市,浙江省杭州市武侯区,教师,member
U000174,2025-12-16,F,18-24,mac,上海市,上海市,上海市上海市鼓楼区,金融从业者,member
U000175,2025-09-17,F,45-54,android,福建省,厦门市,福建省厦门市朝阳区,互联网从业者,member
U000176,2025-09-24,M,25-34,android,湖北省,武汉市,湖北省武汉市南山区,企业管理,member
U000177,2025-08-05,F,45-54,mac,北京市,北京市,北京市北京市浦东新区,医务工作者,member
U000178,2025-11-15,F,45-54,android,浙江省,杭州市,浙江省杭州市武侯区,学生,member
U000179,2025-10-17,F,25-34,windows,四川省,成都市,四川省成都市南山区,医务工作者,member
U000180,2025-09-18,F,35-44,windows,河南省,郑州市,河南省郑州市鼓楼区,设计师,member
U000181,2025-09-12,M,25-34,android,四川省,成都市,四川省成都市鼓楼区,其他,member
U000182,2025-08-01,M,45-54,android,河南省,郑州市,河南省郑州市鼓楼区,自由职业,member
U000183,2025-11-25,F,45-54,android,山东省,青岛市,山东省青岛市鼓楼区,制造业,member
U000184,2025-10-26,M,18-24,android,浙江省,杭州市,浙江省杭州市朝阳区,制造业,member
U000185,2025-08-11,F,18-24,ios,山东省,青岛市,山东省青岛市朝阳区,企业管理,member
U000186,2025-08-13,M,35-44,mac,上海市,上海市,上海市上海市浦东新区,医务工作者,member
U000187,2025-10-28,F,25-34,windows,湖北省,武汉市,湖北省武汉市武侯区,金融从业者,member
U000188,2025-08-08,F,45-54,android,浙江省,杭州市,浙江省杭州市浦东新区,互联网从业者,member
U000189,2025-08-02,M,45-54,windows,上海市,上海市,上海市上海市鼓楼区,制造业,member
U000190,2025-08-04,M,18-24,android,河南省,郑州市,河南省郑州市武侯区,金融从业者,member
U000191,2025-09-21,F,35-44,ios,河南省,郑州市,河南省郑州市鼓楼区,医务工作者,member
U000192,2025-11-08,F,25-34,mac,山东省,青岛市,山东省青岛市武侯区,制造业,member
U000193,2025-08-19,F,35-44,ios,江苏省,南京市,江苏省南京市鼓楼区,企业管理,member
U000194,2025-10-08,M,18-24,mac,河南省,郑州市,河南省郑州市南山区,设计师,member
U000195,2025-08-12,F,35-44,android,四川省,成都市,四川省成都市鼓楼区,其他,member
U000196,2025-12-10,F,35-44,ios,河南省,郑州市,河南省郑州市西湖区,其他,member
U000197,2025-11-28,M,45-54,mac,上海市,上海市,上海市上海市朝阳区,学生,member
U000198,2025-11-01,F,25-34,ios,湖北省,武汉市,湖北省武汉市朝阳区,互联网从业者,member
U000199,2025-10-18,M,35-44,mac,山东省,青岛市,山东省青岛市南山区,设计师,member
U000200,2025-12-22,M,35-44,ios,浙江省,杭州市,浙江省杭州市武侯区,其他,member
U000201,2025-11-03,F,18-24,mac,上海市,上海市,上海市上海市武侯区,设计师,member
U000202,2025-10-11,F,18-24,mac,山东省,青岛市,山东省青岛市南山区,医务工作者,member
U000203,2025-11-12,F,35-44,windows,浙江省,杭州市,浙江省杭州市武侯区,医务工作者,member
U000204,2025-08-20,M,25-34,ios,湖北省,武汉市,湖北省武汉市西湖区,企业管理,member
U000205,2025-12-13,F,25-34,windows,山东省,青岛市,山东省青岛市鼓楼区,其他,member
U000206,2025-10-06,F,45-54,mac,江苏省,南京市,江苏省南京市朝阳区,企业管理,member
U000207,2025-09-07,M,45-54,mac,四川省,成都市,四川省成都市武侯区,医务工作者,member
U000208,2025-09-09,M,25-34,ios,山东省,青岛市,山东省青岛市浦东新区,医务工作者,member
U000209,2025-10-26,M,45-54,ios,河南省,郑州市,河南省郑州市武侯区,其他,member
U000210,2025-10-08,F,18-24,ios,四川省,成都市,四川省成都市鼓楼区,其他,member
U000211,2025-09-26,F,45-54,windows,江苏省,南京市,江苏省南京市武侯区,医务工作者,member
U000212,2025-12-15,F,45-54,windows,四川省,成都市,四川省成都市武侯区,企业管理,member
U000213,2025-08-22,F,35-44,ios,浙江省,杭州市,浙江省杭州市浦东新区,其他,member
U000214,2025-12-09,M,45-54,ios,上海市,上海市,上海市上海市南山区,互联网从业者,member
U000215,2025-10-18,F,18-24,mac,浙江省,杭州市,浙江省杭州市朝阳区,自由职业,member
U000216,2025-11-07,M,45-54,ios,山东省,青岛市,山东省青岛市南山区,医务工作者,member
U000217,2025-10-20,M,35-44,android,广东省,深圳市,广东省深圳市浦东新区,金融从业者,member
U000218,2025-10-24,F,18-24,android,湖北省,武汉市,湖北省武汉市南山区,企业管理,member
U000219,2025-09-27,M,18-24,mac,湖北省,武汉市,湖北省武汉市南山区,金融从业者,member
U000220,2025-12-05,F,18-24,mac,广东省,深圳市,广东省深圳市鼓楼区,企业管理,member
U000221,2025-11-19,F,18-24,windows,河南省,郑州市,河南省郑州市南山区,医务工作者,member
U000222,2025-10-10,M,35-44,android,福建省,厦门市,福建省厦门市朝阳区,教师,member
U000223,2025-11-27,M,25-34,ios,北京市,北京市,北京市北京市武侯区,互联网从业者,member
U000224,2025-09-01,F,25-34,android,浙江省,杭州市,浙江省杭州市武侯区,金融从业者,member
U000225,2025-09-06,M,45-54,ios,广东省,深圳市,广东省深圳市西湖区,企业管理,member
U000226,2025-10-04,M,18-24,mac,四川省,成都市,四川省成都市西湖区,企业管理,member
U000227,2025-08-26,M,45-54,android,山东省,青岛市,山东省青岛市武侯区,其他,member
U000228,2025-08-08,M,18-24,mac,广东省,深圳市,广东省深圳市南山区,其他,member
U000229,2025-11-02,M,25-34,ios,江苏省,南京市,江苏省南京市武侯区,制造业,member
U000230,2025-11-13,M,18-24,ios,山东省,青岛市,山东省青岛市西湖区,企业管理,member
U000231,2025-08-20,F,45-54,android,福建省,厦门市,福建省厦门市西湖区,设计师,member
U000232,2025-11-12,F,18-24,ios,江苏省,南京市,江苏省南京市鼓楼区,自由职业,member
U000233,2025-08-14,M,45-54,mac,四川省,成都市,四川省成都市朝阳区,企业管理,member
U000234,2025-10-13,F,35-44,mac,河南省,郑州市,河南省郑州市南山区,医务工作者,member
U000235,2025-09-12,F,25-34,android,四川省,成都市,四川省成都市南山区,教师,member
U000236,2025-09-21,F,45-54,ios,湖北省,武汉市,湖北省武汉市武侯区,学生,member
U000237,2025-12-03,F,45-54,ios,江苏省,南京市,江苏省南京市朝阳区,金融从业者,member
U000238,2025-09-03,F,35-44,ios,四川省,成都市,四川省成都市西湖区,教师,member
U000239,2025-08-17,M,25-34,windows,山东省,青岛市,山东省青岛市鼓楼区,企业管理,member
U000240,2025-10-13,M,18-24,windows,河南省,郑州市,河南省郑州市鼓楼区,医务工作者,member
U000241,2025-12-25,M,45-54,mac,江苏省,南京市,江苏省南京市南山区,医务工作者,member
U000242,2025-10-11,F,18-24,ios,山东省,青岛市,山东省青岛市鼓楼区,医务工作者,member
U000243,2025-12-08,F,35-44,ios,广东省,深圳市,广东省深圳市朝阳区,企业管理,member
U000244,2025-08-19,F,18-24,mac,河南省,郑州市,河南省郑州市朝阳区,企业管理,member
U000245,2025-11-06,M,25-34,mac,北京市,北京市,北京市北京市西湖区,其他,member
U000246,2025-12-01,F,18-24,ios,福建省,厦门市,福建省厦门市西湖区,教师,member
U000247,2025-09-19,M,25-34,mac,浙江省,杭州市,浙江省杭州市朝阳区,金融从业者,member
U000248,2025-11-11,M,35-44,windows,浙江省,杭州市,浙江省杭州市武侯区,医务工作者,member
U000249,2025-08-24,F,35-44,android,江苏省,南京市,江苏省南京市武侯区,其他,member
U000250,2025-12-21,F,45-54,mac,上海市,上海市,上海市上海市鼓楼区,其他,member
U000251,2025-09-17,F,18-24,android,福建省,厦门市,福建省厦门市西湖区,教师,member
U000252,2025-12-13,F,45-54,ios,湖北省,武汉市,湖北省武汉市南山区,教师,member
U000253,2025-09-01,M,45-54,ios,上海市,上海市,上海市上海市浦东新区,其他,member
U000254,2025-10-03,F,18-24,ios,上海市,上海市,上海市上海市浦东新区,学生,member
U000255,2025-09-03,M,35-44,mac,湖北省,武汉市,湖北省武汉市浦东新区,设计师,member
U000256,2025-10-20,M,25-34,android,湖北省,武汉市,湖北省武汉市南山区,学生,member
U000257,2025-09-07,F,18-24,mac,河南省,郑州市,河南省郑州市浦东新区,互联网从业者,member
U000258,2025-12-17,M,35-44,windows,浙江省,杭州市,浙江省杭州市鼓楼区,学生,member
U000259,2025-10-21,F,35-44,android,上海市,上海市,上海市上海市鼓楼区,医务工作者,member
U000260,2025-12-22,F,45-54,android,上海市,上海市,上海市上海市浦东新区,企业管理,member
U000261,2025-08-13,M,35-44,mac,浙江省,杭州市,浙江省杭州市西湖区,互联网从业者,member
U000262,2025-12-16,M,35-44,mac,广东省,深圳市,广东省深圳市鼓楼区,互联网从业者,member
U000263,2025-09-11,F,25-34,mac,山东省,青岛市,山东省青岛市朝阳区,设计师,member
U000264,2025-10-05,F,18-24,mac,江苏省,南京市,江苏省南京市西湖区,企业管理,member
U000265,2025-09-02,M,45-54,android,山东省,青岛市,山东省青岛市朝阳区,企业管理,member
U000266,2025-12-08,F,25-34,windows,湖北省,武汉市,湖北省武汉市朝阳区,企业管理,member
U000267,2025-10-09,M,45-54,android,四川省,成都市,四川省成都市武侯区,金融从业者,member
U000268,2025-12-12,F,35-44,android,江苏省,南京市,江苏省南京市武侯区,设计师,member
U000269,2025-09-21,M,18-24,windows,山东省,青岛市,山东省青岛市浦东新区,设计师,member
U000270,2025-08-24,F,35-44,ios,山东省,青岛市,山东省青岛市鼓楼区,教师,member
U000271,2025-10-06,F,25-34,android,河南省,郑州市,河南省郑州市武侯区,其他,member
U000272,2025-09-24,F,45-54,windows,北京市,北京市,北京市北京市西湖区,其他,member
U000273,2025-10-17,F,25-34,android,湖北省,武汉市,湖北省武汉市鼓楼区,医务工作者,member
U000274,2025-08-10,M,18-24,android,广东省,深圳市,广东省深圳市武侯区,互联网从业者,member
U000275,2025-09-05,F,18-24,windows,北京市,北京市,北京市北京市南山区,医务工作者,member
U000276,2025-09-18,F,35-44,ios,四川省,成都市,四川省成都市浦东新区,教师,member
U000277,2025-12-06,F,18-24,ios,福建省,厦门市,福建省厦门市浦东新区,教师,member
U000278,2025-09-19,M,18-24,android,湖北省,武汉市,湖北省武汉市武侯区,其他,member
U000279,2025-11-18,M,25-34,android,浙江省,杭州市,浙江省杭州市南山区,自由职业,member
U000280,2025-08-26,F,18-24,windows,江苏省,南京市,江苏省南京市浦东新区,企业管理,member
U000281,2025-12-12,F,35-44,android,湖北省,武汉市,湖北省武汉市鼓楼区,金融从业者,member
U000282,2025-11-18,F,18-24,windows,湖北省,武汉市,湖北省武汉市西湖区,学生,member
U000283,2025-12-12,M,45-54,windows,湖北省,武汉市,湖北省武汉市西湖区,企业管理,member
U000284,2025-12-20,F,25-34,android,山东省,青岛市,山东省青岛市南山区,其他,member
U000285,2025-11-16,M,35-44,mac,浙江省,杭州市,浙江省杭州市鼓楼区,制造业,member
U000286,2025-12-27,M,45-54,mac,山东省,青岛市,山东省青岛市南山区,制造业,member
U000287,2025-11-23,M,18-24,ios,河南省,郑州市,河南省郑州市鼓楼区,教师,member
U000288,2025-12-26,F,18-24,windows,湖北省,武汉市,湖北省武汉市鼓楼区,其他,member
U000289,2025-10-09,F,45-54,mac,河南省,郑州市,河南省郑州市朝阳区,学生,member
U000290,2025-11-06,F,25-34,android,福建省,厦门市,福建省厦门市西湖区,设计师,member
U000291,2025-12-11,F,35-44,mac,四川省,成都市,四川省成都市浦东新区,学生,member
U000292,2025-09-09,F,35-44,android,福建省,厦门市,福建省厦门市武侯区,自由职业,member
U000293,2025-09-21,M,45-54,android,广东省,深圳市,广东省深圳市南山区,医务工作者,member
U000294,2025-10-26,M,35-44,android,广东省,深圳市,广东省深圳市浦东新区,其他,member
U000295,2025-09-07,F,35-44,android,福建省,厦门市,福建省厦门市朝阳区,自由职业,member
U000296,2025-09-17,F,25-34,mac,江苏省,南京市,江苏省南京市浦东新区,自由职业,member
U000297,2025-08-09,M,18-24,mac,江苏省,南京市,江苏省南京市西湖区,医务工作者,member
U000298,2025-08-12,F,25-34,ios,江苏省,南京市,江苏省南京市鼓楼区,教师,member
U000299,2025-12-20,M,35-44,ios,广东省,深圳市,广东省深圳市武侯区,学生,member
U000300,2025-12-10,M,18-24,android,湖北省,武汉市,湖北省武汉市朝阳区,设计师,member
U000301,2025-12-25,F,18-24,mac,湖北省,武汉市,湖北省武汉市武侯区,企业管理,member
U000302,2025-12-28,F,35-44,windows,浙江省,杭州市,浙江省杭州市鼓楼区,其他,member
U000303,2025-09-18,M,35-44,android,北京市,北京市,北京市北京市南山区,学生,member
U000304,2025-12-28,F,25-34,mac,湖北省,武汉市,湖北省武汉市朝阳区,教师,member
U000305,2025-11-20,M,25-34,ios,上海市,上海市,上海市上海市南山区,自由职业,member
U000306,2025-11-22,M,45-54,ios,福建省,厦门市,福建省厦门市朝阳区,教师,member
U000307,2025-12-06,M,45-54,windows,四川省,成都市,四川省成都市浦东新区,自由职业,member
U000308,2025-11-26,F,18-24,mac,北京市,北京市,北京市北京市西湖区,学生,member
U000309,2025-09-11,M,45-54,android,湖北省,武汉市,湖北省武汉市武侯区,设计师,member
U000310,2025-10-24,M,35-44,mac,江苏省,南京市,江苏省南京市鼓楼区,自由职业,member
U000311,2025-11-01,F,35-44,ios,上海市,上海市,上海市上海市南山区,制造业,member
U000312,2025-12-10,M,35-44,android,湖北省,武汉市,湖北省武汉市武侯区,医务工作者,member
U000313,2025-12-01,M,18-24,ios,上海市,上海市,上海市上海市武侯区,企业管理,member
U000314,2025-08-05,M,35-44,android,浙江省,杭州市,浙江省杭州市武侯区,自由职业,member
U000315,2025-09-01,M,45-54,android,江苏省,南京市,江苏省南京市南山区,互联网从业者,member
U000316,2025-10-13,M,25-34,mac,河南省,郑州市,河南省郑州市武侯区,制造业,member
U000317,2025-11-27,M,18-24,ios,广东省,深圳市,广东省深圳市朝阳区,自由职业,member
U000318,2025-11-14,M,35-44,windows,四川省,成都市,四川省成都市朝阳区,金融从业者,member
U000319,2025-12-17,F,25-34,mac,四川省,成都市,四川省成都市武侯区,学生,member
U000320,2025-09-06,F,45-54,android,四川省,成都市,四川省成都市鼓楼区,医务工作者,member
U000321,2025-08-02,M,45-54,ios,四川省,成都市,四川省成都市浦东新区,互联网从业者,member
U000322,2025-10-17,M,45-54,ios,广东省,深圳市,广东省深圳市武侯区,学生,member
U000323,2025-08-13,M,25-34,android,湖北省,武汉市,湖北省武汉市南山区,自由职业,member
U000324,2025-09-15,M,25-34,android,福建省,厦门市,福建省厦门市武侯区,企业管理,member
U000325,2025-08-14,M,45-54,mac,福建省,厦门市,福建省厦门市南山区,制造业,member
U000326,2025-12-02,M,25-34,windows,河南省,郑州市,河南省郑州市南山区,自由职业,member
U000327,2025-10-23,M,18-24,mac,北京市,北京市,北京市北京市武侯区,企业管理,member
U000328,2025-12-07,F,45-54,mac,湖北省,武汉市,湖北省武汉市武侯区,互联网从业者,member
U000329,2025-09-24,F,35-44,ios,上海市,上海市,上海市上海市浦东新区,医务工作者,member
U000330,2025-08-12,M,18-24,ios,河南省,郑州市,河南省郑州市南山区,医务工作者,member
U000331,2025-09-05,M,18-24,ios,福建省,厦门市,福建省厦门市朝阳区,学生,member
U000332,2025-12-02,M,18-24,windows,广东省,深圳市,广东省深圳市南山区,制造业,member
U000333,2025-09-04,M,18-24,android,广东省,深圳市,广东省深圳市浦东新区,企业管理,member
U000334,2025-09-02,F,35-44,windows,福建省,厦门市,福建省厦门市西湖区,自由职业,member
U000335,2025-08-12,F,35-44,windows,北京市,北京市,北京市北京市鼓楼区,教师,member
U000336,2025-12-15,M,45-54,mac,山东省,青岛市,山东省青岛市西湖区,教师,member
U000337,2025-10-20,M,35-44,mac,福建省,厦门市,福建省厦门市鼓楼区,企业管理,member
U000338,2025-11-07,F,35-44,android,上海市,上海市,上海市上海市浦东新区,其他,member
U000339,2025-12-27,F,25-34,mac,山东省,青岛市,山东省青岛市西湖区,学生,member
U000340,2025-12-05,F,45-54,windows,江苏省,南京市,江苏省南京市鼓楼区,企业管理,member
U000341,2025-12-09,M,25-34,ios,江苏省,南京市,江苏省南京市武侯区,设计师,member
U000342,2025-08-04,M,18-24,mac,福建省,厦门市,福建省厦门市南山区,自由职业,member
U000343,2025-08-12,M,35-44,android,江苏省,南京市,江苏省南京市南山区,其他,member
U000344,2025-12-09,M,45-54,windows,湖北省,武汉市,湖北省武汉市西湖区,金融从业者,member
U000345,2025-10-04,F,45-54,mac,河南省,郑州市,河南省郑州市浦东新区,医务工作者,member
U000346,2025-11-23,F,45-54,windows,山东省,青岛市,山东省青岛市浦东新区,金融从业者,member
U000347,2025-08-27,F,35-44,mac,河南省,郑州市,河南省郑州市鼓楼区,企业管理,member
U000348,2025-11-07,M,18-24,ios,北京市,北京市,北京市北京市南山区,学生,member
U000349,2025-08-20,M,35-44,ios,浙江省,杭州市,浙江省杭州市西湖区,制造业,member
U000350,2025-10-07,F,45-54,windows,福建省,厦门市,福建省厦门市浦东新区,医务工作者,member
U000351,2025-10-01,M,45-54,windows,河南省,郑州市,河南省郑州市西湖区,制造业,member
U000352,2025-11-03,M,35-44,android,四川省,成都市,四川省成都市西湖区,教师,member
U000353,2025-10-27,F,25-34,windows,河南省,郑州市,河南省郑州市朝阳区,医务工作者,member
U000354,2025-09-08,F,25-34,mac,上海市,上海市,上海市上海市朝阳区,医务工作者,member
U000355,2025-08-15,M,25-34,windows,浙江省,杭州市,浙江省杭州市鼓楼区,企业管理,member
U000356,2025-09-27,M,35-44,ios,福建省,厦门市,福建省厦门市鼓楼区,互联网从业者,member
U000357,2025-11-06,M,45-54,ios,北京市,北京市,北京市北京市朝阳区,医务工作者,member
U000358,2025-08-17,M,45-54,ios,福建省,厦门市,福建省厦门市鼓楼区,教师,member
U000359,2025-10-20,M,25-34,android,山东省,青岛市,山东省青岛市鼓楼区,制造业,member
U000360,2025-12-19,M,18-24,android,山东省,青岛市,山东省青岛市朝阳区,教师,member
U000361,2025-10-06,F,45-54,windows,北京市,北京市,北京市北京市朝阳区,制造业,member
U000362,2025-12-25,M,18-24,ios,广东省,深圳市,广东省深圳市武侯区,其他,member
U000363,2025-11-07,M,18-24,ios,山东省,青岛市,山东省青岛市鼓楼区,企业管理,member
U000364,2025-12-03,F,18-24,mac,江苏省,南京市,江苏省南京市南山区,互联网从业者,member
U000365,2025-11-01,F,25-34,ios,四川省,成都市,四川省成都市西湖区,自由职业,member
U000366,2025-09-19,M,18-24,android,上海市,上海市,上海市上海市西湖区,其他,member
U000367,2025-12-05,M,18-24,ios,江苏省,南京市,江苏省南京市西湖区,企业管理,member
U000368,2025-09-28,M,25-34,mac,广东省,深圳市,广东省深圳市武侯区,自由职业,member
U000369,2025-12-05,F,25-34,ios,江苏省,南京市,江苏省南京市西湖区,学生,member
U000370,2025-12-08,M,25-34,android,河南省,郑州市,河南省郑州市南山区,医务工作者,member
U000371,2025-12-27,F,25-34,windows,上海市,上海市,上海市上海市西湖区,制造业,member
U000372,2025-11-26,F,45-54,ios,河南省,郑州市,河南省郑州市南山区,学生,member
U000373,2025-11-15,F,45-54,ios,福建省,厦门市,福建省厦门市鼓楼区,互联网从业者,member
U000374,2025-11-02,F,18-24,android,山东省,青岛市,山东省青岛市浦东新区,金融从业者,member
U000375,2025-11-12,M,18-24,ios,浙江省,杭州市,浙江省杭州市鼓楼区,金融从业者,member
U000376,2025-12-10,F,35-44,windows,北京市,北京市,北京市北京市浦东新区,教师,member
U000377,2025-11-11,F,25-34,windows,四川省,成都市,四川省成都市朝阳区,制造业,member
U000378,2025-09-07,F,25-34,ios,浙江省,杭州市,浙江省杭州市南山区,其他,member
U000379,2025-08-23,M,45-54,mac,江苏省,南京市,江苏省南京市西湖区,教师,member
U000380,2025-09-20,F,35-44,windows,湖北省,武汉市,湖北省武汉市武侯区,制造业,member
U000381,2025-10-11,F,18-24,windows,广东省,深圳市,广东省深圳市鼓楼区,互联网从业者,member
U000382,2025-08-23,F,18-24,mac,浙江省,杭州市,浙江省杭州市浦东新区,金融从业者,member
U000383,2025-11-19,M,25-34,android,上海市,上海市,上海市上海市浦东新区,制造业,member
U000384,2025-11-07,M,25-34,ios,河南省,郑州市,河南省郑州市西湖区,学生,member
U000385,2025-11-18,F,25-34,ios,北京市,北京市,北京市北京市西湖区,制造业,member
U000386,2025-12-23,F,45-54,windows,福建省,厦门市,福建省厦门市南山区,医务工作者,member
U000387,2025-10-03,M,25-34,mac,河南省,郑州市,河南省郑州市浦东新区,制造业,member
U000388,2025-10-04,M,18-24,windows,河南省,郑州市,河南省郑州市鼓楼区,医务工作者,member
U000389,2025-11-15,F,45-54,ios,广东省,深圳市,广东省深圳市朝阳区,互联网从业者,member
U000390,2025-08-03,F,18-24,android,上海市,上海市,上海市上海市武侯区,互联网从业者,member
U000391,2025-12-12,M,25-34,mac,江苏省,南京市,江苏省南京市浦东新区,自由职业,member
U000392,2025-10-12,F,45-54,mac,河南省,郑州市,河南省郑州市武侯区,设计师,member
U000393,2025-12-27,F,25-34,mac,湖北省,武汉市,湖北省武汉市鼓楼区,设计师,member
U000394,2025-08-11,F,45-54,mac,广东省,深圳市,广东省深圳市鼓楼区,医务工作者,member
U000395,2025-11-14,M,35-44,windows,上海市,上海市,上海市上海市朝阳区,企业管理,member
U000396,2025-11-03,F,45-54,windows,浙江省,杭州市,浙江省杭州市浦东新区,教师,member
U000397,2025-11-04,M,25-34,mac,江苏省,南京市,江苏省南京市浦东新区,制造业,member
U000398,2025-09-09,M,45-54,mac,河南省,郑州市,河南省郑州市南山区,医务工作者,member
U000399,2025-10-11,F,25-34,mac,江苏省,南京市,江苏省南京市西湖区,企业管理,member
U000400,2025-11-26,F,45-54,mac,广东省,深圳市,广东省深圳市西湖区,教师,member
U000401,2025-09-19,M,35-44,android,浙江省,杭州市,浙江省杭州市浦东新区,设计师,member
U000402,2025-10-13,F,18-24,mac,福建省,厦门市,福建省厦门市浦东新区,教师,member
U000403,2025-12-22,F,45-54,windows,湖北省,武汉市,湖北省武汉市西湖区,互联网从业者,member
U000404,2025-12-20,M,25-34,mac,广东省,深圳市,广东省深圳市南山区,医务工作者,member
U000405,2025-08-17,F,25-34,windows,福建省,厦门市,福建省厦门市南山区,其他,member
U000406,2025-09-06,F,18-24,ios,上海市,上海市,上海市上海市西湖区,教师,member
U000407,2025-09-16,M,25-34,windows,广东省,深圳市,广东省深圳市南山区,医务工作者,member
U000408,2025-11-28,F,45-54,windows,北京市,北京市,北京市北京市鼓楼区,互联网从业者,member
U000409,2025-09-08,M,25-34,android,四川省,成都市,四川省成都市浦东新区,金融从业者,member
U000410,2025-11-26,M,35-44,mac,江苏省,南京市,江苏省南京市鼓楼区,互联网从业者,member
U000411,2025-09-03,M,45-54,mac,江苏省,南京市,江苏省南京市鼓楼区,其他,member
U000412,2025-12-10,M,18-24,android,山东省,青岛市,山东省青岛市武侯区,互联网从业者,member
U000413,2025-08-16,M,35-44,mac,四川省,成都市,四川省成都市鼓楼区,其他,member
U000414,2025-10-21,M,45-54,android,四川省,成都市,四川省成都市武侯区,设计师,member
U000415,2025-08-04,F,25-34,windows,浙江省,杭州市,浙江省杭州市浦东新区,制造业,member
U000416,2025-09-04,F,25-34,ios,浙江省,杭州市,浙江省杭州市南山区,医务工作者,member
U000417,2025-11-17,F,18-24,ios,北京市,北京市,北京市北京市鼓楼区,金融从业者,member
U000418,2025-08-22,M,35-44,android,山东省,青岛市,山东省青岛市南山区,金融从业者,member
U000419,2025-08-22,M,45-54,android,湖北省,武汉市,湖北省武汉市朝阳区,金融从业者,member
U000420,2025-10-19,F,45-54,android,湖北省,武汉市,湖北省武汉市鼓楼区,互联网从业者,member
U000421,2025-12-28,F,18-24,android,北京市,北京市,北京市北京市武侯区,学生,regular
U000422,2025-09-02,M,18-24,windows,湖北省,武汉市,湖北省武汉市鼓楼区,学生,regular
U000423,2025-11-17,F,45-54,windows,浙江省,杭州市,浙江省杭州市浦东新区,学生,regular
U000424,2025-09-03,M,18-24,mac,上海市,上海市,上海市上海市南山区,企业管理,regular
U000425,2025-08-19,M,35-44,android,四川省,成都市,四川省成都市朝阳区,医务工作者,regular
U000426,2025-10-12,F,18-24,windows,广东省,深圳市,广东省深圳市鼓楼区,医务工作者,regular
U000427,2025-09-13,M,45-54,ios,福建省,厦门市,福建省厦门市鼓楼区,医务工作者,regular
U000428,2025-12-15,M,25-34,mac,浙江省,杭州市,浙江省杭州市西湖区,学生,regular
U000429,2025-08-01,M,25-34,mac,四川省,成都市,四川省成都市朝阳区,企业管理,regular
U000430,2025-11-18,F,18-24,ios,福建省,厦门市,福建省厦门市鼓楼区,制造业,regular
U000431,2025-12-20,M,18-24,ios,山东省,青岛市,山东省青岛市南山区,互联网从业者,regular
U000432,2025-08-26,F,35-44,ios,河南省,郑州市,河南省郑州市南山区,医务工作者,regular
U000433,2025-12-22,M,35-44,android,北京市,北京市,北京市北京市西湖区,设计师,regular
U000434,2025-12-10,F,18-24,mac,北京市,北京市,北京市北京市鼓楼区,学生,regular
U000435,2025-11-27,F,25-34,android,河南省,郑州市,河南省郑州市武侯区,自由职业,regular
U000436,2025-10-03,F,18-24,ios,河南省,郑州市,河南省郑州市鼓楼区,金融从业者,regular
U000437,2025-09-02,F,18-24,windows,北京市,北京市,北京市北京市南山区,学生,regular
U000438,2025-12-04,F,45-54,windows,福建省,厦门市,福建省厦门市浦东新区,企业管理,regular
U000439,2025-11-11,F,25-34,mac,福建省,厦门市,福建省厦门市朝阳区,设计师,regular
U000440,2025-08-24,M,45-54,android,河南省,郑州市,河南省郑州市南山区,医务工作者,regular
U000441,2025-09-12,F,45-54,android,江苏省,南京市,江苏省南京市浦东新区,设计师,regular
U000442,2025-12-13,F,25-34,ios,湖北省,武汉市,湖北省武汉市西湖区,医务工作者,regular
U000443,2025-09-12,F,35-44,android,上海市,上海市,上海市上海市西湖区,自由职业,regular
U000444,2025-10-21,F,25-34,android,广东省,深圳市,广东省深圳市武侯区,设计师,regular
U000445,2025-10-23,M,25-34,mac,福建省,厦门市,福建省厦门市西湖区,互联网从业者,regular
U000446,2025-09-16,F,18-24,ios,四川省,成都市,四川省成都市西湖区,金融从业者,regular
U000447,2025-10-26,M,18-24,ios,上海市,上海市,上海市上海市鼓楼区,学生,regular
U000448,2025-08-10,F,25-34,ios,江苏省,南京市,江苏省南京市鼓楼区,制造业,regular
U000449,2025-12-13,M,25-34,android,上海市,上海市,上海市上海市浦东新区,制造业,regular
U000450,2025-10-21,F,25-34,windows,四川省,成都市,四川省成都市朝阳区,自由职业,regular
U000451,2025-12-04,F,18-24,mac,湖北省,武汉市,湖北省武汉市朝阳区,自由职业,regular
U000452,2025-09-03,M,18-24,mac,江苏省,南京市,江苏省南京市浦东新区,教师,regular
U000453,2025-09-04,M,25-34,android,四川省,成都市,四川省成都市西湖区,教师,regular
U000454,2025-11-03,M,25-34,mac,河南省,郑州市,河南省郑州市朝阳区,企业管理,regular
U000455,2025-12-21,M,25-34,android,湖北省,武汉市,湖北省武汉市西湖区,企业管理,regular
U000456,2025-12-07,M,25-34,ios,北京市,北京市,北京市北京市浦东新区,互联网从业者,regular
U000457,2025-12-25,M,35-44,mac,广东省,深圳市,广东省深圳市南山区,互联网从业者,regular
U000458,2025-08-17,M,45-54,android,湖北省,武汉市,湖北省武汉市朝阳区,制造业,regular
U000459,2025-08-21,M,18-24,ios,湖北省,武汉市,湖北省武汉市鼓楼区,医务工作者,regular
U000460,2025-11-01,F,45-54,ios,上海市,上海市,上海市上海市浦东新区,学生,regular
U000461,2025-11-07,F,45-54,ios,福建省,厦门市,福建省厦门市南山区,制造业,regular
U000462,2025-12-04,F,45-54,ios,北京市,北京市,北京市北京市鼓楼区,教师,regular
U000463,2025-10-17,F,45-54,ios,浙江省,杭州市,浙江省杭州市鼓楼区,学生,regular
U000464,2025-09-15,M,35-44,android,浙江省,杭州市,浙江省杭州市鼓楼区,教师,regular
U000465,2025-09-01,M,18-24,android,山东省,青岛市,山东省青岛市南山区,制造业,regular
U000466,2025-08-15,M,25-34,mac,河南省,郑州市,河南省郑州市鼓楼区,自由职业,regular
U000467,2025-11-04,F,35-44,mac,湖北省,武汉市,湖北省武汉市鼓楼区,金融从业者,regular
U000468,2025-08-20,F,25-34,mac,福建省,厦门市,福建省厦门市鼓楼区,教师,regular
U000469,2025-12-15,F,45-54,ios,广东省,深圳市,广东省深圳市西湖区,学生,regular
U000470,2025-08-12,F,35-44,windows,湖北省,武汉市,湖北省武汉市朝阳区,设计师,regular
U000471,2025-11-14,F,18-24,mac,上海市,上海市,上海市上海市浦东新区,教师,regular
U000472,2025-12-12,F,25-34,ios,广东省,深圳市,广东省深圳市武侯区,互联网从业者,regular
U000473,2025-09-11,M,18-24,android,河南省,郑州市,河南省郑州市武侯区,制造业,regular
U000474,2025-10-11,M,45-54,ios,山东省,青岛市,山东省青岛市西湖区,设计师,regular
U000475,2025-08-09,M,18-24,ios,福建省,厦门市,福建省厦门市朝阳区,其他,regular
U000476,2025-12-13,M,45-54,windows,浙江省,杭州市,浙江省杭州市朝阳区,医务工作者,regular
U000477,2025-11-19,F,25-34,windows,广东省,深圳市,广东省深圳市西湖区,设计师,regular
U000478,2025-10-25,F,35-44,android,北京市,北京市,北京市北京市武侯区,自由职业,regular
U000479,2025-10-17,F,45-54,windows,湖北省,武汉市,湖北省武汉市南山区,制造业,regular
U000480,2025-08-14,M,35-44,windows,福建省,厦门市,福建省厦门市浦东新区,金融从业者,regular
U000481,2025-10-22,M,18-24,android,江苏省,南京市,江苏省南京市南山区,医务工作者,regular
U000482,2025-08-07,M,25-34,ios,北京市,北京市,北京市北京市鼓楼区,设计师,regular
U000483,2025-11-20,F,25-34,android,浙江省,杭州市,浙江省杭州市鼓楼区,其他,regular
U000484,2025-10-28,M,45-54,windows,河南省,郑州市,河南省郑州市浦东新区,其他,regular
U000485,2025-09-16,M,45-54,windows,山东省,青岛市,山东省青岛市西湖区,学生,regular
U000486,2025-09-21,F,25-34,android,山东省,青岛市,山东省青岛市朝阳区,制造业,regular
U000487,2025-08-13,M,35-44,windows,广东省,深圳市,广东省深圳市朝阳区,企业管理,regular
U000488,2025-10-12,M,18-24,ios,北京市,北京市,北京市北京市朝阳区,设计师,regular
U000489,2025-08-06,F,25-34,mac,浙江省,杭州市,浙江省杭州市朝阳区,企业管理,regular
U000490,2025-10-13,F,35-44,mac,山东省,青岛市,山东省青岛市西湖区,金融从业者,regular
U000491,2025-08-26,F,18-24,windows,浙江省,杭州市,浙江省杭州市鼓楼区,其他,regular
U000492,2025-10-04,F,35-44,android,北京市,北京市,北京市北京市武侯区,设计师,regular
U000493,2025-10-11,F,25-34,mac,江苏省,南京市,江苏省南京市南山区,制造业,regular
U000494,2025-12-12,M,45-54,android,广东省,深圳市,广东省深圳市西湖区,其他,regular
U000495,2025-09-20,M,25-34,android,北京市,北京市,北京市北京市南山区,互联网从业者,regular
U000496,2025-12-09,M,35-44,mac,湖北省,武汉市,湖北省武汉市南山区,金融从业者,regular
U000497,2025-09-01,F,25-34,android,江苏省,南京市,江苏省南京市西湖区,学生,regular
U000498,2025-12-15,M,45-54,windows,山东省,青岛市,山东省青岛市朝阳区,互联网从业者,regular
U000499,2025-09-22,F,35-44,mac,河南省,郑州市,河南省郑州市浦东新区,学生,regular
U000500,2025-10-01,M,18-24,ios,河南省,郑州市,河南省郑州市南山区,学生,regular
U000501,2025-11-15,F,18-24,ios,浙江省,杭州市,浙江省杭州市朝阳区,金融从业者,regular
U000502,2025-11-17,F,35-44,android,浙江省,杭州市,浙江省杭州市鼓楼区,制造业,regular
U000503,2025-09-12,M,45-54,windows,浙江省,杭州市,浙江省杭州市朝阳区,金融从业者,regular
U000504,2025-12-10,M,45-54,mac,四川省,成都市,四川省成都市鼓楼区,医务工作者,regular
U000505,2025-08-20,F,18-24,mac,浙江省,杭州市,浙江省杭州市南山区,互联网从业者,regular
U000506,2025-09-09,M,25-34,android,湖北省,武汉市,湖北省武汉市武侯区,制造业,regular
U000507,2025-10-11,M,35-44,windows,广东省,深圳市,广东省深圳市浦东新区,医务工作者,regular
U000508,2025-12-02,M,18-24,android,河南省,郑州市,河南省郑州市南山区,自由职业,regular
U000509,2025-08-20,F,35-44,android,山东省,青岛市,山东省青岛市鼓楼区,其他,regular
U000510,2025-12-07,F,45-54,ios,北京市,北京市,北京市北京市南山区,学生,regular
U000511,2025-09-22,F,25-34,ios,江苏省,南京市,江苏省南京市朝阳区,其他,regular
U000512,2025-08-02,M,25-34,ios,浙江省,杭州市,浙江省杭州市南山区,金融从业者,regular
U000513,2025-09-02,M,45-54,windows,四川省,成都市,四川省成都市鼓楼区,教师,regular
U000514,2025-11-25,F,45-54,mac,山东省,青岛市,山东省青岛市西湖区,其他,regular
U000515,2025-08-03,M,25-34,ios,上海市,上海市,上海市上海市南山区,医务工作者,regular
U000516,2025-12-26,F,18-24,windows,广东省,深圳市,广东省深圳市西湖区,教师,regular
U000517,2025-08-22,F,35-44,ios,北京市,北京市,北京市北京市朝阳区,学生,regular
U000518,2025-10-16,M,25-34,ios,上海市,上海市,上海市上海市南山区,医务工作者,regular
U000519,2025-12-07,M,35-44,android,广东省,深圳市,广东省深圳市朝阳区,制造业,regular
U000520,2025-11-06,F,35-44,windows,山东省,青岛市,山东省青岛市鼓楼区,学生,regular
U000521,2025-11-05,M,35-44,mac,上海市,上海市,上海市上海市西湖区,自由职业,regular
U000522,2025-10-16,M,18-24,mac,河南省,郑州市,河南省郑州市浦东新区,设计师,regular
U000523,2025-12-14,M,18-24,windows,江苏省,南京市,江苏省南京市南山区,教师,regular
U000524,2025-09-11,M,18-24,android,湖北省,武汉市,湖北省武汉市朝阳区,制造业,regular
U000525,2025-12-27,F,18-24,mac,广东省,深圳市,广东省深圳市南山区,设计师,regular
U000526,2025-09-28,M,35-44,android,浙江省,杭州市,浙江省杭州市南山区,其他,regular
U000527,2025-09-16,M,45-54,android,江苏省,南京市,江苏省南京市朝阳区,教师,regular
U000528,2025-11-23,M,18-24,mac,广东省,深圳市,广东省深圳市朝阳区,设计师,regular
U000529,2025-11-08,M,35-44,android,北京市,北京市,北京市北京市西湖区,自由职业,regular
U000530,2025-08-26,F,35-44,ios,江苏省,南京市,江苏省南京市朝阳区,企业管理,regular
U000531,2025-12-14,F,35-44,mac,广东省,深圳市,广东省深圳市武侯区,自由职业,regular
U000532,2025-11-19,M,25-34,android,山东省,青岛市,山东省青岛市浦东新区,金融从业者,regular
U000533,2025-11-18,M,25-34,ios,四川省,成都市,四川省成都市武侯区,互联网从业者,regular
U000534,2025-10-07,F,25-34,ios,上海市,上海市,上海市上海市朝阳区,医务工作者,regular
U000535,2025-12-21,F,25-34,android,上海市,上海市,上海市上海市武侯区,教师,regular
U000536,2025-08-03,M,18-24,windows,江苏省,南京市,江苏省南京市鼓楼区,学生,regular
U000537,2025-10-27,F,45-54,android,山东省,青岛市,山东省青岛市南山区,企业管理,regular
U000538,2025-09-22,M,35-44,android,山东省,青岛市,山东省青岛市朝阳区,制造业,regular
U000539,2025-08-04,M,45-54,ios,北京市,北京市,北京市北京市西湖区,金融从业者,regular
U000540,2025-09-04,F,35-44,android,河南省,郑州市,河南省郑州市鼓楼区,金融从业者,regular
U000541,2025-12-14,F,18-24,ios,浙江省,杭州市,浙江省杭州市浦东新区,设计师,regular
U000542,2025-09-06,M,35-44,android,河南省,郑州市,河南省郑州市西湖区,其他,regular
U000543,2025-11-27,F,45-54,windows,上海市,上海市,上海市上海市浦东新区,教师,regular
U000544,2025-11-18,M,18-24,ios,江苏省,南京市,江苏省南京市鼓楼区,医务工作者,regular
U000545,2025-11-27,M,25-34,windows,四川省,成都市,四川省成都市朝阳区,互联网从业者,regular
U000546,2025-09-05,M,35-44,mac,福建省,厦门市,福建省厦门市朝阳区,自由职业,regular
U000547,2025-08-23,F,25-34,android,湖北省,武汉市,湖北省武汉市浦东新区,自由职业,regular
U000548,2025-10-12,M,18-24,windows,浙江省,杭州市,浙江省杭州市西湖区,企业管理,regular
U000549,2025-09-12,M,35-44,windows,福建省,厦门市,福建省厦门市武侯区,设计师,regular
U000550,2025-10-05,M,35-44,android,河南省,郑州市,河南省郑州市武侯区,金融从业者,regular
U000551,2025-10-20,M,45-54,android,湖北省,武汉市,湖北省武汉市浦东新区,教师,regular
U000552,2025-10-04,F,18-24,windows,四川省,成都市,四川省成都市浦东新区,金融从业者,regular
U000553,2025-09-10,F,45-54,windows,四川省,成都市,四川省成都市南山区,自由职业,regular
U000554,2025-08-14,M,35-44,mac,四川省,成都市,四川省成都市朝阳区,其他,regular
U000555,2025-11-03,F,45-54,ios,山东省,青岛市,山东省青岛市武侯区,教师,regular
U000556,2025-08-11,F,45-54,android,广东省,深圳市,广东省深圳市武侯区,医务工作者,regular
U000557,2025-09-16,F,25-34,android,河南省,郑州市,河南省郑州市西湖区,自由职业,regular
U000558,2025-08-14,M,45-54,android,湖北省,武汉市,湖北省武汉市浦东新区,其他,regular
U000559,2025-08-21,M,25-34,mac,山东省,青岛市,山东省青岛市浦东新区,制造业,regular
U000560,2025-12-17,M,18-24,ios,山东省,青岛市,山东省青岛市浦东新区,金融从业者,regular
U000561,2025-10-11,M,35-44,windows,北京市,北京市,北京市北京市南山区,自由职业,regular
U000562,2025-10-08,F,45-54,windows,四川省,成都市,四川省成都市朝阳区,自由职业,regular
U000563,2025-10-24,M,35-44,android,山东省,青岛市,山东省青岛市鼓楼区,教师,regular
U000564,2025-09-05,M,25-34,ios,北京市,北京市,北京市北京市南山区,企业管理,regular
U000565,2025-09-12,M,25-34,windows,河南省,郑州市,河南省郑州市浦东新区,其他,regular
U000566,2025-09-26,F,35-44,android,福建省,厦门市,福建省厦门市西湖区,金融从业者,regular
U000567,2025-11-28,M,18-24,mac,上海市,上海市,上海市上海市武侯区,设计师,regular
U000568,2025-12-10,M,25-34,windows,山东省,青岛市,山东省青岛市浦东新区,制造业,regular
U000569,2025-10-19,M,35-44,windows,上海市,上海市,上海市上海市武侯区,其他,regular
U000570,2025-09-09,M,35-44,ios,江苏省,南京市,江苏省南京市鼓楼区,企业管理,regular
U000571,2025-08-05,F,25-34,mac,浙江省,杭州市,浙江省杭州市西湖区,企业管理,regular
U000572,2025-08-06,M,18-24,ios,四川省,成都市,四川省成都市朝阳区,企业管理,regular
U000573,2025-12-16,M,45-54,mac,北京市,北京市,北京市北京市浦东新区,企业管理,regular
U000574,2025-09-10,F,45-54,ios,广东省,深圳市,广东省深圳市武侯区,金融从业者,regular
U000575,2025-08-21,M,25-34,windows,上海市,上海市,上海市上海市武侯区,医务工作者,regular
U000576,2025-08-23,F,35-44,android,福建省,厦门市,福建省厦门市武侯区,自由职业,regular
U000577,2025-12-27,F,45-54,android,湖北省,武汉市,湖北省武汉市南山区,企业管理,regular
U000578,2025-09-21,M,35-44,windows,浙江省,杭州市,浙江省杭州市朝阳区,互联网从业者,regular
U000579,2025-10-12,M,25-34,windows,北京市,北京市,北京市北京市朝阳区,其他,regular
U000580,2025-12-02,M,35-44,ios,广东省,深圳市,广东省深圳市南山区,互联网从业者,regular
U000581,2025-12-28,M,18-24,windows,上海市,上海市,上海市上海市鼓楼区,设计师,regular
U000582,2025-08-02,F,18-24,windows,福建省,厦门市,福建省厦门市武侯区,学生,regular
U000583,2025-11-12,M,45-54,windows,江苏省,南京市,江苏省南京市南山区,金融从业者,regular
U000584,2025-10-22,M,35-44,ios,江苏省,南京市,江苏省南京市武侯区,制造业,regular
U000585,2025-12-08,M,18-24,android,山东省,青岛市,山东省青岛市武侯区,设计师,regular
U000586,2025-08-23,M,45-54,ios,山东省,青岛市,山东省青岛市浦东新区,教师,regular
U000587,2025-12-07,F,45-54,ios,湖北省,武汉市,湖北省武汉市武侯区,医务工作者,regular
U000588,2025-09-19,F,45-54,android,上海市,上海市,上海市上海市南山区,医务工作者,regular
U000589,2025-12-22,F,45-54,windows,河南省,郑州市,河南省郑州市朝阳区,医务工作者,regular
U000590,2025-08-12,M,45-54,windows,江苏省,南京市,江苏省南京市武侯区,金融从业者,regular
U000591,2025-10-22,F,45-54,android,上海市,上海市,上海市上海市朝阳区,自由职业,regular
U000592,2025-12-08,M,25-34,mac,山东省,青岛市,山东省青岛市浦东新区,教师,regular
U000593,2025-09-26,F,25-34,mac,湖北省,武汉市,湖北省武汉市鼓楼区,金融从业者,regular
U000594,2025-12-04,M,25-34,ios,广东省,深圳市,广东省深圳市西湖区,制造业,regular
U000595,2025-12-11,M,45-54,mac,福建省,厦门市,福建省厦门市武侯区,学生,regular
U000596,2025-09-04,M,18-24,mac,北京市,北京市,北京市北京市武侯区,制造业,regular
U000597,2025-12-12,F,25-34,ios,四川省,成都市,四川省成都市南山区,其他,regular
U000598,2025-08-05,M,45-54,windows,福建省,厦门市,福建省厦门市鼓楼区,设计师,regular
U000599,2025-09-22,F,35-44,android,北京市,北京市,北京市北京市浦东新区,制造业,regular
U000600,2025-11-16,M,35-44,mac,上海市,上海市,上海市上海市西湖区,制造业,regular
U000601,2025-11-13,M,25-34,ios,江苏省,南京市,江苏省南京市武侯区,金融从业者,regular
U000602,2025-12-15,F,35-44,windows,湖北省,武汉市,湖北省武汉市鼓楼区,互联网从业者,regular
U000603,2025-12-02,M,45-54,windows,上海市,上海市,上海市上海市浦东新区,制造业,regular
U000604,2025-11-24,F,45-54,android,福建省,厦门市,福建省厦门市西湖区,学生,regular
U000605,2025-11-15,M,25-34,windows,浙江省,杭州市,浙江省杭州市鼓楼区,自由职业,regular
U000606,2025-08-07,F,18-24,android,四川省,成都市,四川省成都市朝阳区,金融从业者,regular
U000607,2025-11-19,F,45-54,windows,湖北省,武汉市,湖北省武汉市鼓楼区,其他,regular
U000608,2025-11-04,M,25-34,android,河南省,郑州市,河南省郑州市鼓楼区,医务工作者,regular
U000609,2025-11-18,M,25-34,windows,浙江省,杭州市,浙江省杭州市浦东新区,企业管理,regular
U000610,2025-11-02,M,25-34,windows,湖北省,武汉市,湖北省武汉市鼓楼区,企业管理,regular
U000611,2025-08-15,F,25-34,windows,河南省,郑州市,河南省郑州市武侯区,互联网从业者,regular
U000612,2025-08-12,M,45-54,windows,四川省,成都市,四川省成都市浦东新区,医务工作者,regular
U000613,2025-10-02,M,18-24,windows,江苏省,南京市,江苏省南京市武侯区,制造业,regular
U000614,2025-11-23,F,45-54,android,北京市,北京市,北京市北京市朝阳区,教师,regular
U000615,2025-08-26,M,18-24,windows,浙江省,杭州市,浙江省杭州市鼓楼区,学生,regular
U000616,2025-10-20,F,45-54,windows,广东省,深圳市,广东省深圳市南山区,互联网从业者,regular
U000617,2025-08-15,F,25-34,ios,北京市,北京市,北京市北京市朝阳区,设计师,regular
U000618,2025-08-02,M,25-34,windows,福建省,厦门市,福建省厦门市朝阳区,设计师,regular
U000619,2025-10-14,M,45-54,mac,上海市,上海市,上海市上海市南山区,学生,regular
U000620,2025-08-23,F,18-24,windows,北京市,北京市,北京市北京市朝阳区,医务工作者,regular
U000621,2025-12-04,M,18-24,android,上海市,上海市,上海市上海市西湖区,学生,regular
U000622,2025-09-11,M,45-54,ios,河南省,郑州市,河南省郑州市南山区,医务工作者,regular
U000623,2025-10-07,F,35-44,android,江苏省,南京市,江苏省南京市武侯区,自由职业,regular
U000624,2025-12-11,M,25-34,mac,湖北省,武汉市,湖北省武汉市浦东新区,设计师,regular
U000625,2025-08-12,M,25-34,android,上海市,上海市,上海市上海市鼓楼区,医务工作者,regular
U000626,2025-08-03,F,35-44,windows,上海市,上海市,上海市上海市武侯区,企业管理,regular
U000627,2025-12-20,F,45-54,android,福建省,厦门市,福建省厦门市西湖区,医务工作者,regular
U000628,2025-10-02,F,35-44,android,河南省,郑州市,河南省郑州市朝阳区,医务工作者,regular
U000629,2025-12-06,F,18-24,android,山东省,青岛市,山东省青岛市西湖区,金融从业者,regular
U000630,2025-10-16,F,25-34,windows,湖北省,武汉市,湖北省武汉市朝阳区,自由职业,regular
U000631,2025-10-18,F,35-44,ios,浙江省,杭州市,浙江省杭州市武侯区,制造业,regular
U000632,2025-11-10,F,35-44,android,广东省,深圳市,广东省深圳市鼓楼区,设计师,regular
U000633,2025-08-24,F,45-54,ios,山东省,青岛市,山东省青岛市南山区,其他,regular
U000634,2025-08-28,F,45-54,mac,广东省,深圳市,广东省深圳市朝阳区,医务工作者,regular
U000635,2025-10-09,M,25-34,windows,湖北省,武汉市,湖北省武汉市南山区,金融从业者,regular
U000636,2025-08-17,M,18-24,ios,北京市,北京市,北京市北京市鼓楼区,金融从业者,regular
U000637,2025-08-26,F,18-24,windows,江苏省,南京市,江苏省南京市鼓楼区,医务工作者,regular
U000638,2025-08-11,M,18-24,windows,上海市,上海市,上海市上海市鼓楼区,金融从业者,regular
U000639,2025-09-10,M,35-44,ios,上海市,上海市,上海市上海市朝阳区,教师,regular
U000640,2025-10-04,M,45-54,android,浙江省,杭州市,浙江省杭州市朝阳区,制造业,regular
U000641,2025-11-16,F,35-44,windows,浙江省,杭州市,浙江省杭州市浦东新区,制造业,regular
U000642,2025-10-22,M,35-44,android,河南省,郑州市,河南省郑州市南山区,自由职业,regular
U000643,2025-11-20,M,35-44,mac,四川省,成都市,四川省成都市朝阳区,医务工作者,regular
U000644,2025-12-02,F,18-24,mac,山东省,青岛市,山东省青岛市朝阳区,其他,regular
U000645,2025-08-06,M,35-44,android,山东省,青岛市,山东省青岛市南山区,互联网从业者,regular
U000646,2025-11-01,M,45-54,mac,浙江省,杭州市,浙江省杭州市南山区,其他,regular
U000647,2025-10-22,F,25-34,android,北京市,北京市,北京市北京市西湖区,医务工作者,regular
U000648,2025-09-14,F,25-34,mac,湖北省,武汉市,湖北省武汉市浦东新区,企业管理,regular
U000649,2025-11-19,F,25-34,windows,福建省,厦门市,福建省厦门市武侯区,教师,regular
U000650,2025-08-24,M,35-44,android,上海市,上海市,上海市上海市西湖区,制造业,regular
U000651,2025-09-12,F,45-54,android,江苏省,南京市,江苏省南京市朝阳区,学生,regular
U000652,2025-12-10,M,35-44,mac,河南省,郑州市,河南省郑州市武侯区,其他,regular
U000653,2025-08-06,F,35-44,windows,北京市,北京市,北京市北京市浦东新区,学生,regular
U000654,2025-08-25,M,25-34,windows,上海市,上海市,上海市上海市南山区,其他,regular
U000655,2025-11-21,M,25-34,windows,福建省,厦门市,福建省厦门市武侯区,企业管理,regular
U000656,2025-09-13,M,35-44,windows,四川省,成都市,四川省成都市鼓楼区,医务工作者,regular
U000657,2025-10-13,M,25-34,android,福建省,厦门市,福建省厦门市武侯区,自由职业,regular
U000658,2025-08-20,M,25-34,android,江苏省,南京市,江苏省南京市朝阳区,制造业,regular
U000659,2025-08-09,M,25-34,mac,浙江省,杭州市,浙江省杭州市武侯区,其他,regular
U000660,2025-10-16,M,45-54,mac,上海市,上海市,上海市上海市南山区,互联网从业者,regular
U000661,2025-08-11,M,25-34,windows,福建省,厦门市,福建省厦门市浦东新区,自由职业,regular
U000662,2025-10-20,M,25-34,mac,湖北省,武汉市,湖北省武汉市浦东新区,教师,regular
U000663,2025-09-05,F,25-34,mac,上海市,上海市,上海市上海市南山区,企业管理,regular
U000664,2025-08-07,M,45-54,mac,山东省,青岛市,山东省青岛市鼓楼区,自由职业,regular
U000665,2025-09-11,F,35-44,mac,广东省,深圳市,广东省深圳市浦东新区,医务工作者,regular
U000666,2025-10-06,M,18-24,ios,浙江省,杭州市,浙江省杭州市西湖区,企业管理,regular
U000667,2025-11-16,F,18-24,windows,江苏省,南京市,江苏省南京市武侯区,自由职业,regular
U000668,2025-09-02,M,35-44,windows,上海市,上海市,上海市上海市浦东新区,自由职业,regular
U000669,2025-08-09,F,35-44,windows,北京市,北京市,北京市北京市武侯区,医务工作者,regular
U000670,2025-09-12,F,45-54,android,福建省,厦门市,福建省厦门市朝阳区,互联网从业者,regular
U000671,2025-09-08,M,25-34,ios,河南省,郑州市,河南省郑州市朝阳区,学生,regular
U000672,2025-09-12,F,45-54,windows,上海市,上海市,上海市上海市武侯区,互联网从业者,regular
U000673,2025-11-10,F,18-24,windows,广东省,深圳市,广东省深圳市西湖区,教师,regular
U000674,2025-09-12,M,25-34,mac,江苏省,南京市,江苏省南京市南山区,医务工作者,regular
U000675,2025-08-12,F,18-24,windows,北京市,北京市,北京市北京市武侯区,设计师,regular
U000676,2025-08-16,M,18-24,android,河南省,郑州市,河南省郑州市朝阳区,互联网从业者,regular
U000677,2025-09-28,M,35-44,android,上海市,上海市,上海市上海市鼓楼区,医务工作者,regular
U000678,2025-09-06,F,18-24,windows,浙江省,杭州市,浙江省杭州市鼓楼区,教师,regular
U000679,2025-12-16,F,18-24,windows,山东省,青岛市,山东省青岛市武侯区,互联网从业者,regular
U000680,2025-08-19,F,18-24,mac,福建省,厦门市,福建省厦门市鼓楼区,制造业,regular
U000681,2025-11-09,F,35-44,windows,江苏省,南京市,江苏省南京市武侯区,制造业,regular
U000682,2025-11-19,F,18-24,windows,上海市,上海市,上海市上海市浦东新区,制造业,regular
U000683,2025-08-17,F,25-34,windows,湖北省,武汉市,湖北省武汉市西湖区,设计师,regular
U000684,2025-12-25,M,35-44,windows,浙江省,杭州市,浙江省杭州市武侯区,自由职业,regular
U000685,2025-08-16,F,45-54,mac,山东省,青岛市,山东省青岛市南山区,其他,regular
U000686,2025-10-16,M,45-54,windows,四川省,成都市,四川省成都市朝阳区,制造业,regular
U000687,2025-12-22,M,25-34,android,北京市,北京市,北京市北京市浦东新区,学生,regular
U000688,2025-08-03,M,45-54,ios,福建省,厦门市,福建省厦门市武侯区,制造业,regular
U000689,2025-10-16,F,25-34,windows,北京市,北京市,北京市北京市朝阳区,医务工作者,regular
U000690,2025-10-15,F,35-44,ios,北京市,北京市,北京市北京市朝阳区,金融从业者,regular
U000691,2025-11-24,F,45-54,android,山东省,青岛市,山东省青岛市西湖区,互联网从业者,regular
U000692,2025-09-05,M,18-24,android,河南省,郑州市,河南省郑州市鼓楼区,学生,regular
U000693,2025-10-13,M,25-34,mac,浙江省,杭州市,浙江省杭州市朝阳区,学生,regular
U000694,2025-11-04,M,35-44,ios,浙江省,杭州市,浙江省杭州市武侯区,设计师,regular
U000695,2025-10-24,F,35-44,mac,山东省,青岛市,山东省青岛市武侯区,设计师,regular
U000696,2025-11-24,F,25-34,ios,江苏省,南京市,江苏省南京市西湖区,企业管理,regular
U000697,2025-09-20,F,35-44,ios,山东省,青岛市,山东省青岛市朝阳区,金融从业者,regular
U000698,2025-08-22,F,25-34,android,山东省,青岛市,山东省青岛市鼓楼区,其他,regular
U000699,2025-09-09,M,18-24,android,北京市,北京市,北京市北京市浦东新区,互联网从业者,regular
U000700,2025-12-23,F,25-34,ios,广东省,深圳市,广东省深圳市南山区,企业管理,regular
U000701,2025-10-08,M,35-44,ios,福建省,厦门市,福建省厦门市鼓楼区,学生,regular
U000702,2025-11-24,F,35-44,ios,上海市,上海市,上海市上海市鼓楼区,自由职业,regular
U000703,2025-08-02,M,35-44,android,湖北省,武汉市,湖北省武汉市鼓楼区,互联网从业者,regular
U000704,2025-12-15,F,25-34,mac,江苏省,南京市,江苏省南京市浦东新区,设计师,regular
U000705,2025-12-14,F,45-54,android,北京市,北京市,北京市北京市朝阳区,自由职业,regular
U000706,2025-12-16,F,45-54,mac,福建省,厦门市,福建省厦门市西湖区,制造业,regular
U000707,2025-12-10,M,45-54,ios,浙江省,杭州市,浙江省杭州市鼓楼区,金融从业者,regular
U000708,2025-09-12,F,18-24,windows,北京市,北京市,北京市北京市西湖区,医务工作者,regular
U000709,2025-08-28,F,25-34,ios,江苏省,南京市,江苏省南京市西湖区,企业管理,regular
U000710,2025-12-28,M,45-54,mac,四川省,成都市,四川省成都市武侯区,企业管理,regular
U000711,2025-12-24,M,45-54,windows,上海市,上海市,上海市上海市朝阳区,自由职业,regular
U000712,2025-08-24,F,45-54,mac,江苏省,南京市,江苏省南京市武侯区,企业管理,regular
U000713,2025-12-26,F,18-24,android,广东省,深圳市,广东省深圳市浦东新区,金融从业者,regular
U000714,2025-08-04,F,45-54,android,江苏省,南京市,江苏省南京市武侯区,医务工作者,regular
U000715,2025-11-16,M,18-24,windows,湖北省,武汉市,湖北省武汉市南山区,互联网从业者,regular
U000716,2025-12-27,F,45-54,android,浙江省,杭州市,浙江省杭州市南山区,制造业,regular
U000717,2025-12-22,M,45-54,mac,北京市,北京市,北京市北京市武侯区,教师,regular
U000718,2025-09-26,F,25-34,mac,河南省,郑州市,河南省郑州市浦东新区,教师,regular
U000719,2025-09-26,M,35-44,android,上海市,上海市,上海市上海市浦东新区,设计师,regular
U000720,2025-09-23,F,35-44,ios,福建省,厦门市,福建省厦门市朝阳区,医务工作者,regular
U000721,2025-12-10,M,35-44,android,四川省,成都市,四川省成都市武侯区,设计师,regular
U000722,2025-08-03,F,45-54,android,浙江省,杭州市,浙江省杭州市鼓楼区,自由职业,regular
U000723,2025-09-22,M,45-54,mac,上海市,上海市,上海市上海市鼓楼区,医务工作者,regular
U000724,2025-12-13,F,25-34,mac,河南省,郑州市,河南省郑州市西湖区,学生,regular
U000725,2025-12-28,M,45-54,ios,山东省,青岛市,山东省青岛市南山区,学生,regular
U000726,2025-08-11,F,25-34,windows,江苏省,南京市,江苏省南京市浦东新区,自由职业,regular
U000727,2025-11-09,M,18-24,ios,四川省,成都市,四川省成都市鼓楼区,学生,regular
U000728,2025-09-20,F,18-24,windows,浙江省,杭州市,浙江省杭州市南山区,制造业,regular
U000729,2025-12-09,F,35-44,mac,福建省,厦门市,福建省厦门市鼓楼区,学生,regular
U000730,2025-12-08,M,45-54,android,四川省,成都市,四川省成都市浦东新区,其他,regular
U000731,2025-08-04,M,35-44,android,北京市,北京市,北京市北京市朝阳区,金融从业者,regular
U000732,2025-11-10,F,45-54,android,河南省,郑州市,河南省郑州市南山区,企业管理,regular
U000733,2025-12-10,F,25-34,mac,福建省,厦门市,福建省厦门市朝阳区,互联网从业者,regular
U000734,2025-11-08,M,25-34,mac,江苏省,南京市,江苏省南京市南山区,制造业,regular
U000735,2025-08-07,M,18-24,ios,山东省,青岛市,山东省青岛市鼓楼区,医务工作者,regular
U000736,2025-08-01,M,45-54,android,河南省,郑州市,河南省郑州市浦东新区,制造业,regular
U000737,2025-11-16,F,35-44,ios,上海市,上海市,上海市上海市朝阳区,设计师,regular
U000738,2025-09-21,M,18-24,mac,浙江省,杭州市,浙江省杭州市浦东新区,制造业,regular
U000739,2025-09-28,M,45-54,ios,湖北省,武汉市,湖北省武汉市西湖区,自由职业,regular
U000740,2025-11-08,M,45-54,android,山东省,青岛市,山东省青岛市朝阳区,金融从业者,regular
U000741,2025-09-21,F,45-54,android,福建省,厦门市,福建省厦门市西湖区,企业管理,regular
U000742,2025-12-24,M,18-24,ios,河南省,郑州市,河南省郑州市浦东新区,企业管理,regular
U000743,2025-10-05,M,18-24,android,上海市,上海市,上海市上海市鼓楼区,自由职业,regular
U000744,2025-11-15,M,45-54,windows,浙江省,杭州市,浙江省杭州市浦东新区,学生,regular
U000745,2025-08-04,F,45-54,windows,四川省,成都市,四川省成都市武侯区,自由职业,regular
U000746,2025-12-22,M,45-54,windows,上海市,上海市,上海市上海市朝阳区,企业管理,regular
U000747,2025-12-26,M,18-24,windows,福建省,厦门市,福建省厦门市武侯区,互联网从业者,regular
U000748,2025-10-03,F,45-54,windows,江苏省,南京市,江苏省南京市朝阳区,互联网从业者,regular
U000749,2025-09-10,M,25-34,windows,山东省,青岛市,山东省青岛市鼓楼区,金融从业者,regular
U000750,2025-09-15,F,45-54,windows,福建省,厦门市,福建省厦门市鼓楼区,医务工作者,regular
U000751,2025-08-22,F,25-34,android,福建省,厦门市,福建省厦门市西湖区,设计师,regular
U000752,2025-10-07,M,18-24,mac,福建省,厦门市,福建省厦门市朝阳区,互联网从业者,regular
U000753,2025-09-11,F,18-24,android,上海市,上海市,上海市上海市武侯区,学生,regular
U000754,2025-12-01,M,35-44,mac,四川省,成都市,四川省成都市朝阳区,互联网从业者,regular
U000755,2025-11-21,F,18-24,windows,浙江省,杭州市,浙江省杭州市朝阳区,金融从业者,regular
U000756,2025-11-28,M,35-44,windows,福建省,厦门市,福建省厦门市朝阳区,设计师,regular
U000757,2025-08-17,F,18-24,windows,广东省,深圳市,广东省深圳市西湖区,互联网从业者,regular
U000758,2025-09-01,F,35-44,ios,四川省,成都市,四川省成都市南山区,互联网从业者,regular
U000759,2025-12-04,F,18-24,windows,河南省,郑州市,河南省郑州市朝阳区,制造业,regular
U000760,2025-10-11,F,45-54,windows,北京市,北京市,北京市北京市鼓楼区,自由职业,regular
U000761,2025-11-22,F,45-54,windows,福建省,厦门市,福建省厦门市朝阳区,医务工作者,regular
U000762,2025-09-07,F,45-54,windows,湖北省,武汉市,湖北省武汉市南山区,互联网从业者,regular
U000763,2025-12-18,F,25-34,windows,山东省,青岛市,山东省青岛市鼓楼区,互联网从业者,regular
U000764,2025-11-08,M,35-44,android,广东省,深圳市,广东省深圳市鼓楼区,教师,regular
U000765,2025-09-03,M,45-54,ios,山东省,青岛市,山东省青岛市朝阳区,制造业,regular
U000766,2025-10-07,F,18-24,android,山东省,青岛市,山东省青岛市南山区,互联网从业者,regular
U000767,2025-08-11,F,45-54,windows,湖北省,武汉市,湖北省武汉市浦东新区,互联网从业者,regular
U000768,2025-12-14,M,18-24,ios,河南省,郑州市,河南省郑州市朝阳区,教师,regular
U000769,2025-12-04,F,45-54,ios,广东省,深圳市,广东省深圳市鼓楼区,其他,regular
U000770,2025-08-15,M,18-24,windows,江苏省,南京市,江苏省南京市朝阳区,企业管理,regular
U000771,2025-12-26,M,25-34,ios,四川省,成都市,四川省成都市朝阳区,其他,regular
U000772,2025-11-18,F,45-54,windows,福建省,厦门市,福建省厦门市浦东新区,学生,regular
U000773,2025-10-23,M,18-24,android,上海市,上海市,上海市上海市南山区,其他,regular
U000774,2025-08-12,F,45-54,mac,湖北省,武汉市,湖北省武汉市南山区,制造业,regular
U000775,2025-09-02,F,35-44,mac,江苏省,南京市,江苏省南京市浦东新区,金融从业者,regular
U000776,2025-09-09,F,18-24,windows,湖北省,武汉市,湖北省武汉市鼓楼区,学生,regular
U000777,2025-12-14,F,35-44,ios,浙江省,杭州市,浙江省杭州市浦东新区,学生,regular
U000778,2025-11-06,M,18-24,windows,浙江省,杭州市,浙江省杭州市南山区,其他,regular
U000779,2025-10-05,M,35-44,windows,上海市,上海市,上海市上海市西湖区,自由职业,regular
U000780,2025-10-27,M,18-24,android,浙江省,杭州市,浙江省杭州市鼓楼区,学生,regular
U000781,2025-08-26,F,45-54,android,广东省,深圳市,广东省深圳市浦东新区,自由职业,regular
U000782,2025-10-28,M,25-34,mac,湖北省,武汉市,湖北省武汉市鼓楼区,医务工作者,regular
U000783,2025-11-25,F,25-34,windows,江苏省,南京市,江苏省南京市浦东新区,设计师,regular
U000784,2025-10-25,M,25-34,android,江苏省,南京市,江苏省南京市武侯区,互联网从业者,regular
U000785,2025-11-05,M,45-54,ios,江苏省,南京市,江苏省南京市武侯区,其他,regular
U000786,2025-10-24,F,25-34,windows,浙江省,杭州市,浙江省杭州市鼓楼区,设计师,regular
U000787,2025-11-08,M,35-44,mac,江苏省,南京市,江苏省南京市武侯区,企业管理,regular
U000788,2025-11-09,M,45-54,windows,河南省,郑州市,河南省郑州市浦东新区,金融从业者,regular
U000789,2025-11-22,M,25-34,android,山东省,青岛市,山东省青岛市西湖区,医务工作者,regular
U000790,2025-10-18,M,25-34,mac,江苏省,南京市,江苏省南京市朝阳区,其他,regular
U000791,2025-11-23,F,25-34,windows,上海市,上海市,上海市上海市鼓楼区,学生,regular
U000792,2025-08-12,F,25-34,android,山东省,青岛市,山东省青岛市朝阳区,学生,regular
U000793,2025-12-19,M,25-34,ios,河南省,郑州市,河南省郑州市南山区,企业管理,regular
U000794,2025-09-07,M,18-24,ios,北京市,北京市,北京市北京市鼓楼区,金融从业者,regular
U000795,2025-10-10,F,25-34,windows,湖北省,武汉市,湖北省武汉市南山区,自由职业,regular
U000796,2025-11-05,M,18-24,android,浙江省,杭州市,浙江省杭州市浦东新区,设计师,regular
U000797,2025-10-03,F,18-24,windows,山东省,青岛市,山东省青岛市鼓楼区,制造业,regular
U000798,2025-11-09,M,45-54,ios,江苏省,南京市,江苏省南京市武侯区,学生,regular
U000799,2025-09-03,M,25-34,mac,湖北省,武汉市,湖北省武汉市武侯区,企业管理,regular
U000800,2025-12-13,M,18-24,android,上海市,上海市,上海市上海市武侯区,学生,regular
U000801,2025-11-22,F,18-24,mac,江苏省,南京市,江苏省南京市西湖区,教师,regular
U000802,2025-09-14,F,45-54,ios,湖北省,武汉市,湖北省武汉市西湖区,自由职业,regular
U000803,2025-11-20,F,25-34,windows,广东省,深圳市,广东省深圳市武侯区,自由职业,regular
U000804,2025-09-03,M,18-24,mac,上海市,上海市,上海市上海市南山区,自由职业,regular
U000805,2025-12-22,F,18-24,mac,浙江省,杭州市,浙江省杭州市鼓楼区,其他,regular
U000806,2025-11-07,F,25-34,android,河南省,郑州市,河南省郑州市朝阳区,教师,regular
U000807,2025-10-05,F,45-54,windows,上海市,上海市,上海市上海市鼓楼区,企业管理,regular
U000808,2025-12-22,F,45-54,windows,江苏省,南京市,江苏省南京市西湖区,制造业,regular
U000809,2025-10-16,F,18-24,ios,福建省,厦门市,福建省厦门市浦东新区,其他,regular
U000810,2025-10-26,M,45-54,ios,四川省,成都市,四川省成都市武侯区,其他,regular
U000811,2025-10-27,F,25-34,mac,四川省,成都市,四川省成都市南山区,互联网从业者,regular
U000812,2025-12-01,F,25-34,android,湖北省,武汉市,湖北省武汉市西湖区,自由职业,regular
U000813,2025-12-28,M,18-24,ios,河南省,郑州市,河南省郑州市西湖区,金融从业者,regular
U000814,2025-10-24,M,18-24,windows,北京市,北京市,北京市北京市武侯区,其他,regular
U000815,2025-10-23,M,18-24,mac,河南省,郑州市,河南省郑州市武侯区,企业管理,regular
U000816,2025-08-09,F,45-54,mac,上海市,上海市,上海市上海市西湖区,互联网从业者,regular
U000817,2025-08-09,F,45-54,windows,四川省,成都市,四川省成都市浦东新区,制造业,regular
U000818,2025-12-03,M,45-54,mac,河南省,郑州市,河南省郑州市鼓楼区,企业管理,regular
U000819,2025-09-27,M,45-54,ios,广东省,深圳市,广东省深圳市朝阳区,制造业,regular
U000820,2025-11-01,M,18-24,windows,上海市,上海市,上海市上海市南山区,学生,regular
U000821,2025-12-04,F,25-34,ios,山东省,青岛市,山东省青岛市朝阳区,设计师,new
U000822,2025-08-22,M,18-24,mac,四川省,成都市,四川省成都市西湖区,金融从业者,new
U000823,2025-08-27,M,25-34,ios,广东省,深圳市,广东省深圳市浦东新区,设计师,new
U000824,2025-09-12,M,45-54,windows,上海市,上海市,上海市上海市朝阳区,学生,new
U000825,2025-12-16,M,25-34,windows,北京市,北京市,北京市北京市武侯区,其他,new
U000826,2025-12-24,F,35-44,windows,江苏省,南京市,江苏省南京市浦东新区,教师,new
U000827,2025-12-23,F,18-24,ios,上海市,上海市,上海市上海市南山区,其他,new
U000828,2025-08-16,F,25-34,android,浙江省,杭州市,浙江省杭州市浦东新区,自由职业,new
U000829,2025-09-26,M,25-34,windows,江苏省,南京市,江苏省南京市南山区,制造业,new
U000830,2025-08-02,F,45-54,windows,浙江省,杭州市,浙江省杭州市鼓楼区,自由职业,new
U000831,2025-08-24,M,18-24,windows,浙江省,杭州市,浙江省杭州市武侯区,设计师,new
U000832,2025-12-15,M,18-24,mac,四川省,成都市,四川省成都市朝阳区,制造业,new
U000833,2025-11-02,F,18-24,mac,福建省,厦门市,福建省厦门市西湖区,金融从业者,new
U000834,2025-10-06,M,45-54,mac,山东省,青岛市,山东省青岛市浦东新区,医务工作者,new
U000835,2025-08-25,M,45-54,ios,四川省,成都市,四川省成都市朝阳区,制造业,new
U000836,2025-10-06,F,25-34,windows,上海市,上海市,上海市上海市朝阳区,医务工作者,new
U000837,2025-12-06,M,18-24,android,上海市,上海市,上海市上海市南山区,金融从业者,new
U000838,2025-08-25,F,35-44,mac,浙江省,杭州市,浙江省杭州市朝阳区,金融从业者,new
U000839,2025-10-28,F,25-34,ios,福建省,厦门市,福建省厦门市鼓楼区,互联网从业者,new
U000840,2025-09-12,M,18-24,mac,江苏省,南京市,江苏省南京市鼓楼区,自由职业,new
U000841,2025-09-26,M,35-44,android,江苏省,南京市,江苏省南京市鼓楼区,自由职业,new
U000842,2025-09-15,F,45-54,windows,广东省,深圳市,广东省深圳市浦东新区,制造业,new
U000843,2025-10-22,F,45-54,mac,福建省,厦门市,福建省厦门市浦东新区,企业管理,new
U000844,2025-09-25,F,18-24,ios,北京市,北京市,北京市北京市鼓楼区,设计师,new
U000845,2025-12-05,M,18-24,mac,上海市,上海市,上海市上海市朝阳区,医务工作者,new
U000846,2025-08-18,F,45-54,mac,山东省,青岛市,山东省青岛市南山区,自由职业,new
U000847,2025-10-03,F,18-24,android,浙江省,杭州市,浙江省杭州市西湖区,制造业,new
U000848,2025-08-04,M,45-54,android,江苏省,南京市,江苏省南京市朝阳区,自由职业,new
U000849,2025-12-10,M,25-34,windows,四川省,成都市,四川省成都市浦东新区,教师,new
U000850,2025-11-11,M,35-44,windows,湖北省,武汉市,湖北省武汉市鼓楼区,其他,new
U000851,2025-12-09,M,35-44,mac,江苏省,南京市,江苏省南京市西湖区,金融从业者,new
U000852,2025-10-19,F,45-54,ios,四川省,成都市,四川省成都市浦东新区,设计师,new
U000853,2025-08-07,M,18-24,android,北京市,北京市,北京市北京市南山区,设计师,new
U000854,2025-08-01,M,25-34,android,河南省,郑州市,河南省郑州市武侯区,其他,new
U000855,2025-12-03,M,35-44,mac,四川省,成都市,四川省成都市武侯区,自由职业,new
U000856,2025-11-25,F,18-24,windows,北京市,北京市,北京市北京市浦东新区,学生,new
U000857,2025-11-28,M,45-54,ios,山东省,青岛市,山东省青岛市浦东新区,学生,new
U000858,2025-10-17,F,45-54,android,上海市,上海市,上海市上海市武侯区,制造业,new
U000859,2025-11-17,F,25-34,ios,广东省,深圳市,广东省深圳市南山区,制造业,new
U000860,2025-09-01,M,18-24,android,江苏省,南京市,江苏省南京市西湖区,设计师,new
U000861,2025-10-03,F,35-44,android,湖北省,武汉市,湖北省武汉市南山区,学生,new
U000862,2025-11-02,F,18-24,windows,北京市,北京市,北京市北京市南山区,制造业,new
U000863,2025-10-09,F,35-44,ios,广东省,深圳市,广东省深圳市浦东新区,学生,new
U000864,2025-11-06,M,18-24,mac,福建省,厦门市,福建省厦门市南山区,金融从业者,new
U000865,2025-10-15,M,25-34,android,江苏省,南京市,江苏省南京市浦东新区,教师,new
U000866,2025-11-07,M,35-44,android,湖北省,武汉市,湖北省武汉市西湖区,医务工作者,new
U000867,2025-09-02,M,45-54,android,江苏省,南京市,江苏省南京市武侯区,教师,new
U000868,2025-11-15,M,45-54,android,上海市,上海市,上海市上海市武侯区,医务工作者,new
U000869,2025-10-18,M,45-54,windows,四川省,成都市,四川省成都市朝阳区,设计师,new
U000870,2025-09-25,F,25-34,ios,江苏省,南京市,江苏省南京市南山区,企业管理,new
U000871,2025-09-04,F,35-44,windows,广东省,深圳市,广东省深圳市鼓楼区,自由职业,new
U000872,2025-09-25,F,35-44,android,浙江省,杭州市,浙江省杭州市鼓楼区,互联网从业者,new
U000873,2025-09-02,M,45-54,ios,四川省,成都市,四川省成都市西湖区,教师,new
U000874,2025-11-17,F,35-44,windows,上海市,上海市,上海市上海市南山区,学生,new
U000875,2025-09-06,M,45-54,android,上海市,上海市,上海市上海市浦东新区,自由职业,new
U000876,2025-12-02,F,35-44,android,山东省,青岛市,山东省青岛市西湖区,自由职业,new
U000877,2025-10-28,F,25-34,windows,湖北省,武汉市,湖北省武汉市浦东新区,医务工作者,new
U000878,2025-08-26,F,18-24,mac,福建省,厦门市,福建省厦门市朝阳区,设计师,new
U000879,2025-10-09,F,45-54,android,广东省,深圳市,广东省深圳市朝阳区,其他,new
U000880,2025-10-24,F,18-24,windows,四川省,成都市,四川省成都市武侯区,企业管理,new
U000881,2025-08-25,F,35-44,android,北京市,北京市,北京市北京市武侯区,互联网从业者,new
U000882,2025-12-08,M,18-24,mac,上海市,上海市,上海市上海市南山区,自由职业,new
U000883,2025-12-26,F,45-54,ios,湖北省,武汉市,湖北省武汉市浦东新区,制造业,new
U000884,2025-12-23,M,45-54,mac,福建省,厦门市,福建省厦门市南山区,医务工作者,new
U000885,2025-09-18,F,18-24,mac,江苏省,南京市,江苏省南京市南山区,其他,new
U000886,2025-09-26,M,25-34,android,山东省,青岛市,山东省青岛市西湖区,企业管理,new
U000887,2025-12-24,M,35-44,android,福建省,厦门市,福建省厦门市南山区,制造业,new
U000888,2025-12-13,F,45-54,android,上海市,上海市,上海市上海市朝阳区,自由职业,new
U000889,2025-08-15,F,35-44,android,广东省,深圳市,广东省深圳市武侯区,自由职业,new
U000890,2025-09-03,M,25-34,windows,浙江省,杭州市,浙江省杭州市武侯区,医务工作者,new
U000891,2025-12-09,M,18-24,mac,北京市,北京市,北京市北京市朝阳区,自由职业,new
U000892,2025-11-04,M,45-54,windows,广东省,深圳市,广东省深圳市西湖区,教师,new
U000893,2025-12-06,M,35-44,windows,浙江省,杭州市,浙江省杭州市南山区,金融从业者,new
U000894,2025-08-23,F,35-44,windows,山东省,青岛市,山东省青岛市浦东新区,医务工作者,new
U000895,2025-09-27,M,35-44,windows,江苏省,南京市,江苏省南京市浦东新区,其他,new
U000896,2025-09-04,F,18-24,android,湖北省,武汉市,湖北省武汉市西湖区,自由职业,new
U000897,2025-09-21,M,18-24,mac,福建省,厦门市,福建省厦门市南山区,互联网从业者,new
U000898,2025-11-03,M,25-34,ios,山东省,青岛市,山东省青岛市南山区,其他,new
U000899,2025-08-21,F,25-34,windows,北京市,北京市,北京市北京市南山区,制造业,new
U000900,2025-08-18,M,35-44,ios,北京市,北京市,北京市北京市鼓楼区,其他,new
U000901,2025-11-18,F,45-54,windows,河南省,郑州市,河南省郑州市浦东新区,设计师,sleeping
U000902,2025-08-23,M,18-24,windows,浙江省,杭州市,浙江省杭州市西湖区,金融从业者,sleeping
U000903,2025-11-03,M,25-34,ios,四川省,成都市,四川省成都市鼓楼区,教师,sleeping
U000904,2025-10-19,F,45-54,ios,山东省,青岛市,山东省青岛市朝阳区,设计师,sleeping
U000905,2025-09-18,F,35-44,android,浙江省,杭州市,浙江省杭州市鼓楼区,互联网从业者,sleeping
U000906,2025-10-19,F,45-54,windows,江苏省,南京市,江苏省南京市浦东新区,医务工作者,sleeping
U000907,2025-12-23,M,35-44,mac,四川省,成都市,四川省成都市南山区,自由职业,sleeping
U000908,2025-12-06,M,45-54,android,福建省,厦门市,福建省厦门市南山区,企业管理,sleeping
U000909,2025-12-01,F,35-44,windows,江苏省,南京市,江苏省南京市南山区,企业管理,sleeping
U000910,2025-11-09,M,25-34,windows,河南省,郑州市,河南省郑州市浦东新区,教师,sleeping
U000911,2025-09-01,F,18-24,android,上海市,上海市,上海市上海市浦东新区,学生,sleeping
U000912,2025-08-02,M,25-34,ios,上海市,上海市,上海市上海市鼓楼区,金融从业者,sleeping
U000913,2025-10-13,F,18-24,mac,山东省,青岛市,山东省青岛市南山区,自由职业,sleeping
U000914,2025-09-09,M,35-44,windows,北京市,北京市,北京市北京市朝阳区,自由职业,sleeping
U000915,2025-10-10,M,45-54,windows,山东省,青岛市,山东省青岛市南山区,教师,sleeping
U000916,2025-12-28,F,18-24,ios,北京市,北京市,北京市北京市鼓楼区,教师,sleeping
U000917,2025-10-25,F,18-24,mac,上海市,上海市,上海市上海市鼓楼区,设计师,sleeping
U000918,2025-10-01,F,18-24,mac,浙江省,杭州市,浙江省杭州市南山区,企业管理,sleeping
U000919,2025-12-20,M,25-34,windows,上海市,上海市,上海市上海市鼓楼区,互联网从业者,sleeping
U000920,2025-12-17,F,18-24,mac,北京市,北京市,北京市北京市西湖区,学生,sleeping
U000921,2025-08-21,F,18-24,mac,河南省,郑州市,河南省郑州市朝阳区,自由职业,sleeping
U000922,2025-11-24,F,35-44,ios,湖北省,武汉市,湖北省武汉市浦东新区,其他,sleeping
U000923,2025-08-14,F,45-54,windows,四川省,成都市,四川省成都市武侯区,制造业,sleeping
U000924,2025-09-12,F,25-34,ios,浙江省,杭州市,浙江省杭州市南山区,金融从业者,sleeping
U000925,2025-10-23,F,45-54,windows,河南省,郑州市,河南省郑州市西湖区,制造业,sleeping
U000926,2025-08-27,F,35-44,mac,江苏省,南京市,江苏省南京市朝阳区,学生,sleeping
U000927,2025-09-11,F,25-34,mac,湖北省,武汉市,湖北省武汉市武侯区,金融从业者,sleeping
U000928,2025-10-22,F,18-24,android,广东省,深圳市,广东省深圳市南山区,设计师,sleeping
U000929,2025-11-08,F,25-34,windows,福建省,厦门市,福建省厦门市武侯区,企业管理,sleeping
U000930,2025-08-12,F,25-34,mac,上海市,上海市,上海市上海市西湖区,制造业,sleeping
U000931,2025-12-16,F,45-54,mac,四川省,成都市,四川省成都市浦东新区,自由职业,sleeping
U000932,2025-09-02,F,45-54,windows,广东省,深圳市,广东省深圳市武侯区,制造业,sleeping
U000933,2025-12-21,M,45-54,mac,河南省,郑州市,河南省郑州市浦东新区,医务工作者,sleeping
U000934,2025-10-07,M,35-44,mac,湖北省,武汉市,湖北省武汉市朝阳区,自由职业,sleeping
U000935,2025-10-15,M,45-54,ios,上海市,上海市,上海市上海市西湖区,其他,sleeping
U000936,2025-08-10,F,45-54,android,山东省,青岛市,山东省青岛市南山区,自由职业,sleeping
U000937,2025-09-04,F,45-54,ios,广东省,深圳市,广东省深圳市南山区,企业管理,sleeping
U000938,2025-10-08,F,35-44,windows,广东省,深圳市,广东省深圳市浦东新区,医务工作者,sleeping
U000939,2025-12-05,F,18-24,windows,湖北省,武汉市,湖北省武汉市南山区,其他,sleeping
U000940,2025-11-23,M,18-24,ios,浙江省,杭州市,浙江省杭州市浦东新区,自由职业,sleeping
U000941,2025-11-24,M,45-54,mac,四川省,成都市,四川省成都市鼓楼区,自由职业,sleeping
U000942,2025-08-09,M,25-34,android,北京市,北京市,北京市北京市南山区,金融从业者,sleeping
U000943,2025-11-23,F,25-34,ios,浙江省,杭州市,浙江省杭州市朝阳区,企业管理,sleeping
U000944,2025-10-10,M,45-54,windows,广东省,深圳市,广东省深圳市西湖区,企业管理,sleeping
U000945,2025-12-17,F,25-34,android,湖北省,武汉市,湖北省武汉市浦东新区,医务工作者,sleeping
U000946,2025-10-01,M,35-44,android,广东省,深圳市,广东省深圳市武侯区,医务工作者,sleeping
U000947,2025-12-05,M,35-44,mac,河南省,郑州市,河南省郑州市浦东新区,企业管理,sleeping
U000948,2025-08-23,M,35-44,mac,福建省,厦门市,福建省厦门市浦东新区,企业管理,sleeping
U000949,2025-09-15,M,18-24,android,广东省,深圳市,广东省深圳市武侯区,其他,sleeping
U000950,2025-10-26,F,45-54,mac,北京市,北京市,北京市北京市浦东新区,企业管理,sleeping
U000951,2025-11-09,F,45-54,android,北京市,北京市,北京市北京市西湖区,其他,sleeping
U000952,2025-11-28,F,45-54,android,浙江省,杭州市,浙江省杭州市浦东新区,教师,sleeping
U000953,2025-08-06,F,25-34,android,上海市,上海市,上海市上海市武侯区,制造业,sleeping
U000954,2025-08-14,F,35-44,ios,四川省,成都市,四川省成都市朝阳区,制造业,sleeping
U000955,2025-09-19,M,18-24,ios,山东省,青岛市,山东省青岛市鼓楼区,互联网从业者,sleeping
U000956,2025-12-13,M,45-54,mac,广东省,深圳市,广东省深圳市浦东新区,企业管理,sleeping
U000957,2025-11-14,M,25-34,windows,四川省,成都市,四川省成都市鼓楼区,互联网从业者,sleeping
U000958,2025-12-28,M,45-54,android,上海市,上海市,上海市上海市西湖区,医务工作者,sleeping
U000959,2025-09-05,M,45-54,ios,湖北省,武汉市,湖北省武汉市鼓楼区,设计师,sleeping
U000960,2025-12-22,M,25-34,ios,湖北省,武汉市,湖北省武汉市鼓楼区,学生,sleeping
U000961,2025-10-20,M,25-34,mac,湖北省,武汉市,湖北省武汉市南山区,自由职业,sleeping
U000962,2025-12-20,M,25-34,ios,山东省,青岛市,山东省青岛市南山区,企业管理,sleeping
U000963,2025-08-01,M,45-54,android,福建省,厦门市,福建省厦门市浦东新区,教师,sleeping
U000964,2025-08-11,F,25-34,android,山东省,青岛市,山东省青岛市浦东新区,学生,sleeping
U000965,2025-09-16,M,18-24,mac,湖北省,武汉市,湖北省武汉市朝阳区,互联网从业者,sleeping
U000966,2025-12-20,M,18-24,android,江苏省,南京市,江苏省南京市鼓楼区,企业管理,sleeping
U000967,2025-10-26,M,25-34,ios,福建省,厦门市,福建省厦门市南山区,其他,sleeping
U000968,2025-11-15,M,25-34,mac,北京市,北京市,北京市北京市朝阳区,金融从业者,sleeping
U000969,2025-12-05,F,35-44,windows,广东省,深圳市,广东省深圳市南山区,医务工作者,sleeping
U000970,2025-11-01,M,18-24,android,四川省,成都市,四川省成都市朝阳区,自由职业,sleeping
U000971,2025-09-23,F,25-34,mac,浙江省,杭州市,浙江省杭州市浦东新区,学生,sleeping
U000972,2025-12-13,F,25-34,windows,湖北省,武汉市,湖北省武汉市朝阳区,其他,sleeping
U000973,2025-11-01,M,25-34,windows,湖北省,武汉市,湖北省武汉市南山区,金融从业者,sleeping
U000974,2025-11-15,F,35-44,mac,湖北省,武汉市,湖北省武汉市武侯区,企业管理,sleeping
U000975,2025-10-07,M,25-34,ios,四川省,成都市,四川省成都市武侯区,自由职业,sleeping
U000976,2025-11-06,F,35-44,android,浙江省,杭州市,浙江省杭州市浦东新区,制造业,sleeping
U000977,2025-09-26,M,18-24,windows,北京市,北京市,北京市北京市浦东新区,学生,sleeping
U000978,2025-11-01,F,35-44,windows,河南省,郑州市,河南省郑州市西湖区,其他,sleeping
U000979,2025-12-26,F,18-24,mac,北京市,北京市,北京市北京市朝阳区,制造业,sleeping
U000980,2025-09-23,F,45-54,ios,广东省,深圳市,广东省深圳市浦东新区,金融从业者,sleeping
U000981,2025-09-05,M,25-34,windows,河南省,郑州市,河南省郑州市西湖区,其他,sleeping
U000982,2025-08-05,F,35-44,windows,浙江省,杭州市,浙江省杭州市浦东新区,学生,sleeping
U000983,2025-08-04,M,18-24,mac,北京市,北京市,北京市北京市南山区,互联网从业者,sleeping
U000984,2025-12-03,F,35-44,windows,北京市,北京市,北京市北京市西湖区,金融从业者,sleeping
U000985,2025-09-13,F,18-24,ios,福建省,厦门市,福建省厦门市南山区,制造业,sleeping
U000986,2025-11-15,F,18-24,windows,浙江省,杭州市,浙江省杭州市西湖区,医务工作者,sleeping
U000987,2025-08-13,M,18-24,android,北京市,北京市,北京市北京市西湖区,互联网从业者,sleeping
U000988,2025-09-24,F,18-24,mac,福建省,厦门市,福建省厦门市朝阳区,制造业,sleeping
U000989,2025-10-22,M,45-54,ios,江苏省,南京市,江苏省南京市西湖区,互联网从业者,sleeping
U000990,2025-12-15,F,35-44,windows,江苏省,南京市,江苏省南京市武侯区,设计师,sleeping
U000991,2025-08-24,M,18-24,android,湖北省,武汉市,湖北省武汉市浦东新区,学生,sleeping
U000992,2025-10-19,M,18-24,windows,湖北省,武汉市,湖北省武汉市南山区,学生,sleeping
U000993,2025-10-16,F,18-24,windows,湖北省,武汉市,湖北省武汉市南山区,金融从业者,sleeping
U000994,2025-12-16,M,45-54,android,上海市,上海市,上海市上海市浦东新区,学生,sleeping
U000995,2025-08-21,F,45-54,mac,湖北省,武汉市,湖北省武汉市鼓楼区,金融从业者,sleeping
U000996,2025-10-05,F,25-34,ios,北京市,北京市,北京市北京市西湖区,其他,sleeping
U000997,2025-10-19,F,25-34,ios,四川省,成都市,四川省成都市朝阳区,企业管理,sleeping
U000998,2025-10-24,F,35-44,mac,北京市,北京市,北京市北京市朝阳区,自由职业,sleeping
U000999,2025-10-24,F,25-34,android,上海市,上海市,上海市上海市武侯区,其他,sleeping
U001000,2025-08-21,M,35-44,mac,广东省,深圳市,广东省深圳市武侯区,制造业,sleeping
U001001,2025-12-09,F,25-34,ios,江苏省,南京市,江苏省南京市鼓楼区,学生,sleeping
U001002,2025-11-14,F,25-34,android,湖北省,武汉市,湖北省武汉市南山区,教师,sleeping
U001003,2025-12-10,F,25-34,windows,河南省,郑州市,河南省郑州市武侯区,制造业,sleeping
U001004,2025-08-20,F,25-34,mac,河南省,郑州市,河南省郑州市朝阳区,互联网从业者,sleeping
U001005,2025-11-02,M,45-54,windows,河南省,郑州市,河南省郑州市鼓楼区,教师,sleeping
U001006,2025-11-15,M,25-34,ios,福建省,厦门市,福建省厦门市西湖区,制造业,sleeping
U001007,2025-11-24,F,18-24,mac,广东省,深圳市,广东省深圳市朝阳区,制造业,sleeping
U001008,2025-09-08,F,25-34,android,四川省,成都市,四川省成都市武侯区,自由职业,sleeping
U001009,2025-09-27,F,35-44,ios,四川省,成都市,四川省成都市西湖区,教师,sleeping
U001010,2025-09-24,F,45-54,mac,河南省,郑州市,河南省郑州市浦东新区,自由职业,sleeping
U001011,2025-09-06,F,35-44,android,四川省,成都市,四川省成都市鼓楼区,金融从业者,sleeping
U001012,2025-10-15,F,25-34,ios,山东省,青岛市,山东省青岛市鼓楼区,学生,sleeping
U001013,2025-12-11,M,45-54,ios,河南省,郑州市,河南省郑州市南山区,教师,sleeping
U001014,2025-08-09,F,25-34,mac,江苏省,南京市,江苏省南京市南山区,企业管理,sleeping
U001015,2025-08-23,F,18-24,ios,湖北省,武汉市,湖北省武汉市浦东新区,设计师,sleeping
U001016,2025-08-15,M,18-24,ios,福建省,厦门市,福建省厦门市西湖区,设计师,sleeping
U001017,2025-09-02,F,35-44,android,山东省,青岛市,山东省青岛市鼓楼区,学生,sleeping
U001018,2025-11-15,M,35-44,windows,上海市,上海市,上海市上海市鼓楼区,制造业,sleeping
U001019,2025-10-11,M,18-24,windows,山东省,青岛市,山东省青岛市浦东新区,学生,sleeping
U001020,2025-09-03,F,35-44,android,上海市,上海市,上海市上海市浦东新区,制造业,sleeping
U001021,2025-12-07,F,35-44,windows,江苏省,南京市,江苏省南京市武侯区,企业管理,sleeping
U001022,2025-12-03,F,18-24,ios,上海市,上海市,上海市上海市鼓楼区,设计师,sleeping
U001023,2025-10-28,F,25-34,windows,河南省,郑州市,河南省郑州市浦东新区,学生,sleeping
U001024,2025-12-01,F,45-54,mac,江苏省,南京市,江苏省南京市武侯区,企业管理,sleeping
U001025,2025-11-12,M,35-44,mac,河南省,郑州市,河南省郑州市朝阳区,设计师,sleeping
U001026,2025-12-15,F,35-44,ios,上海市,上海市,上海市上海市武侯区,设计师,sleeping
U001027,2025-12-06,M,45-54,windows,江苏省,南京市,江苏省南京市鼓楼区,其他,sleeping
U001028,2025-08-28,F,18-24,mac,四川省,成都市,四川省成都市西湖区,自由职业,sleeping
U001029,2025-09-17,F,18-24,windows,福建省,厦门市,福建省厦门市南山区,金融从业者,sleeping
U001030,2025-11-04,F,18-24,windows,江苏省,南京市,江苏省南京市浦东新区,其他,sleeping
U001031,2025-09-25,F,35-44,ios,江苏省,南京市,江苏省南京市浦东新区,自由职业,sleeping
U001032,2025-08-15,F,35-44,android,河南省,郑州市,河南省郑州市朝阳区,教师,sleeping
U001033,2025-08-02,F,45-54,ios,福建省,厦门市,福建省厦门市南山区,互联网从业者,sleeping
U001034,2025-09-06,F,25-34,android,福建省,厦门市,福建省厦门市浦东新区,教师,sleeping
U001035,2025-09-09,F,25-34,mac,山东省,青岛市,山东省青岛市南山区,企业管理,sleeping
U001036,2025-10-03,M,35-44,ios,上海市,上海市,上海市上海市鼓楼区,教师,sleeping
U001037,2025-10-17,F,45-54,mac,山东省,青岛市,山东省青岛市浦东新区,学生,sleeping
U001038,2025-10-24,F,45-54,windows,上海市,上海市,上海市上海市朝阳区,制造业,sleeping
U001039,2025-11-05,F,35-44,ios,广东省,深圳市,广东省深圳市南山区,教师,sleeping
U001040,2025-09-02,M,35-44,windows,福建省,厦门市,福建省厦门市朝阳区,企业管理,sleeping
U001041,2025-11-08,F,18-24,windows,江苏省,南京市,江苏省南京市武侯区,自由职业,sleeping
U001042,2025-09-03,F,25-34,mac,四川省,成都市,四川省成都市武侯区,设计师,sleeping
U001043,2025-11-16,F,45-54,windows,湖北省,武汉市,湖北省武汉市鼓楼区,医务工作者,sleeping
U001044,2025-09-17,M,35-44,windows,浙江省,杭州市,浙江省杭州市朝阳区,企业管理,sleeping
U001045,2025-09-19,F,35-44,windows,湖北省,武汉市,湖北省武汉市朝阳区,金融从业者,sleeping
U001046,2025-10-26,F,18-24,mac,江苏省,南京市,江苏省南京市南山区,企业管理,sleeping
U001047,2025-08-25,M,18-24,android,上海市,上海市,上海市上海市武侯区,其他,sleeping
U001048,2025-10-23,M,25-34,android,山东省,青岛市,山东省青岛市朝阳区,教师,sleeping
U001049,2025-08-17,M,45-54,windows,广东省,深圳市,广东省深圳市浦东新区,医务工作者,sleeping
U001050,2025-12-02,F,45-54,android,福建省,厦门市,福建省厦门市朝阳区,互联网从业者,sleeping
U001051,2025-08-28,M,18-24,mac,广东省,深圳市,广东省深圳市武侯区,互联网从业者,sleeping
U001052,2025-10-23,F,18-24,android,广东省,深圳市,广东省深圳市朝阳区,设计师,sleeping
U001053,2025-10-13,F,45-54,ios,河南省,郑州市,河南省郑州市武侯区,医务工作者,sleeping
U001054,2025-12-08,F,45-54,ios,福建省,厦门市,福建省厦门市南山区,学生,sleeping
U001055,2025-10-05,F,35-44,ios,山东省,青岛市,山东省青岛市西湖区,企业管理,sleeping
U001056,2025-08-11,F,45-54,ios,福建省,厦门市,福建省厦门市武侯区,互联网从业者,sleeping
U001057,2025-11-24,M,18-24,mac,河南省,郑州市,河南省郑州市鼓楼区,其他,sleeping
U001058,2025-12-05,M,35-44,ios,广东省,深圳市,广东省深圳市南山区,互联网从业者,sleeping
U001059,2025-08-01,F,35-44,mac,福建省,厦门市,福建省厦门市朝阳区,其他,sleeping
U001060,2025-12-11,F,25-34,ios,四川省,成都市,四川省成都市浦东新区,自由职业,sleeping
U001061,2025-11-25,M,18-24,android,福建省,厦门市,福建省厦门市鼓楼区,设计师,sleeping
U001062,2025-11-05,M,45-54,mac,广东省,深圳市,广东省深圳市朝阳区,其他,sleeping
U001063,2025-12-17,M,35-44,ios,福建省,厦门市,福建省厦门市西湖区,学生,sleeping
U001064,2025-10-14,F,35-44,android,北京市,北京市,北京市北京市西湖区,互联网从业者,sleeping
U001065,2025-09-01,M,18-24,ios,江苏省,南京市,江苏省南京市武侯区,金融从业者,sleeping
U001066,2025-10-20,F,25-34,android,江苏省,南京市,江苏省南京市朝阳区,企业管理,sleeping
U001067,2025-10-08,M,25-34,android,福建省,厦门市,福建省厦门市西湖区,教师,sleeping
U001068,2025-10-07,M,18-24,android,广东省,深圳市,广东省深圳市南山区,医务工作者,sleeping
U001069,2025-08-04,M,25-34,windows,北京市,北京市,北京市北京市浦东新区,自由职业,sleeping
U001070,2025-11-01,F,45-54,mac,四川省,成都市,四川省成都市朝阳区,设计师,sleeping
U001071,2025-11-24,F,25-34,ios,河南省,郑州市,河南省郑州市西湖区,其他,sleeping
U001072,2025-10-04,M,25-34,ios,上海市,上海市,上海市上海市武侯区,自由职业,sleeping
U001073,2025-10-13,F,25-34,ios,山东省,青岛市,山东省青岛市武侯区,教师,sleeping
U001074,2025-11-08,F,25-34,windows,浙江省,杭州市,浙江省杭州市武侯区,企业管理,sleeping
U001075,2025-08-15,F,25-34,mac,河南省,郑州市,河南省郑州市浦东新区,金融从业者,sleeping
U001076,2025-11-14,M,25-34,ios,江苏省,南京市,江苏省南京市鼓楼区,自由职业,sleeping
U001077,2025-11-17,M,45-54,windows,广东省,深圳市,广东省深圳市朝阳区,自由职业,sleeping
U001078,2025-12-15,F,18-24,mac,四川省,成都市,四川省成都市鼓楼区,金融从业者,sleeping
U001079,2025-09-25,M,25-34,windows,福建省,厦门市,福建省厦门市南山区,互联网从业者,sleeping
U001080,2025-12-16,F,25-34,ios,上海市,上海市,上海市上海市浦东新区,制造业,sleeping
U001081,2025-08-18,M,18-24,android,四川省,成都市,四川省成都市南山区,学生,sleeping
U001082,2025-12-20,F,18-24,mac,福建省,厦门市,福建省厦门市朝阳区,其他,sleeping
U001083,2025-12-26,M,18-24,ios,福建省,厦门市,福建省厦门市武侯区,企业管理,sleeping
U001084,2025-08-15,M,45-54,windows,北京市,北京市,北京市北京市鼓楼区,医务工作者,sleeping
U001085,2025-09-28,F,25-34,windows,山东省,青岛市,山东省青岛市浦东新区,其他,sleeping
U001086,2025-12-18,M,35-44,windows,广东省,深圳市,广东省深圳市南山区,教师,sleeping
U001087,2025-11-27,F,45-54,mac,四川省,成都市,四川省成都市朝阳区,学生,sleeping
U001088,2025-08-10,F,35-44,mac,山东省,青岛市,山东省青岛市南山区,学生,sleeping
U001089,2025-09-12,F,18-24,android,浙江省,杭州市,浙江省杭州市南山区,教师,sleeping
U001090,2025-09-01,M,18-24,mac,浙江省,杭州市,浙江省杭州市西湖区,企业管理,sleeping
U001091,2025-12-22,M,35-44,ios,浙江省,杭州市,浙江省杭州市西湖区,企业管理,sleeping
U001092,2025-10-27,M,25-34,android,四川省,成都市,四川省成都市鼓楼区,自由职业,sleeping
U001093,2025-09-04,M,25-34,ios,浙江省,杭州市,浙江省杭州市朝阳区,企业管理,sleeping
U001094,2025-08-15,F,35-44,android,上海市,上海市,上海市上海市西湖区,学生,sleeping
U001095,2025-12-16,F,35-44,windows,上海市,上海市,上海市上海市鼓楼区,医务工作者,sleeping
U001096,2025-09-05,M,35-44,ios,山东省,青岛市,山东省青岛市浦东新区,自由职业,sleeping
U001097,2025-10-22,F,25-34,mac,山东省,青岛市,山东省青岛市西湖区,医务工作者,sleeping
U001098,2025-08-18,F,18-24,mac,上海市,上海市,上海市上海市鼓楼区,自由职业,sleeping
U001099,2025-09-22,F,25-34,windows,上海市,上海市,上海市上海市浦东新区,金融从业者,sleeping
U001100,2025-09-19,F,35-44,mac,四川省,成都市,四川省成都市鼓楼区,其他,sleeping
U001101,2025-09-08,F,18-24,ios,江苏省,南京市,江苏省南京市鼓楼区,学生,sleeping
U001102,2025-12-19,M,35-44,android,四川省,成都市,四川省成都市朝阳区,医务工作者,sleeping
U001103,2025-09-11,M,18-24,mac,湖北省,武汉市,湖北省武汉市南山区,互联网从业者,sleeping
U001104,2025-11-02,M,25-34,android,江苏省,南京市,江苏省南京市鼓楼区,设计师,sleeping
U001105,2025-09-01,F,35-44,mac,北京市,北京市,北京市北京市武侯区,教师,sleeping
U001106,2025-12-28,F,45-54,windows,福建省,厦门市,福建省厦门市浦东新区,自由职业,sleeping
U001107,2025-08-19,M,35-44,mac,河南省,郑州市,河南省郑州市浦东新区,制造业,sleeping
U001108,2025-09-24,F,45-54,ios,湖北省,武汉市,湖北省武汉市南山区,金融从业者,sleeping
U001109,2025-11-23,F,35-44,windows,河南省,郑州市,河南省郑州市武侯区,自由职业,sleeping
U001110,2025-08-21,M,25-34,windows,上海市,上海市,上海市上海市浦东新区,互联网从业者,sleeping
U001111,2025-09-12,F,25-34,mac,北京市,北京市,北京市北京市西湖区,医务工作者,sleeping
U001112,2025-12-09,M,35-44,mac,浙江省,杭州市,浙江省杭州市浦东新区,自由职业,sleeping
U001113,2025-11-21,F,25-34,windows,江苏省,南京市,江苏省南京市鼓楼区,其他,sleeping
U001114,2025-11-01,F,18-24,mac,湖北省,武汉市,湖北省武汉市西湖区,其他,sleeping
U001115,2025-12-19,M,18-24,windows,江苏省,南京市,江苏省南京市南山区,教师,sleeping
U001116,2025-11-23,M,45-54,windows,四川省,成都市,四川省成都市西湖区,学生,sleeping
U001117,2025-12-11,F,25-34,ios,山东省,青岛市,山东省青岛市武侯区,自由职业,sleeping
U001118,2025-09-20,F,45-54,mac,四川省,成都市,四川省成都市南山区,设计师,sleeping
U001119,2025-12-25,F,18-24,mac,北京市,北京市,北京市北京市朝阳区,医务工作者,sleeping
U001120,2025-08-12,M,35-44,mac,江苏省,南京市,江苏省南京市朝阳区,互联网从业者,sleeping
U001121,2025-10-19,F,25-34,windows,四川省,成都市,四川省成都市朝阳区,制造业,sleeping
U001122,2025-08-21,F,45-54,mac,江苏省,南京市,江苏省南京市鼓楼区,其他,sleeping
U001123,2025-11-01,F,25-34,ios,福建省,厦门市,福建省厦门市鼓楼区,企业管理,sleeping
U001124,2025-12-06,F,18-24,ios,河南省,郑州市,河南省郑州市南山区,互联网从业者,sleeping
U001125,2025-08-26,F,18-24,android,四川省,成都市,四川省成都市南山区,金融从业者,sleeping
U001126,2025-12-22,M,45-54,ios,上海市,上海市,上海市上海市南山区,互联网从业者,sleeping
U001127,2025-08-09,F,45-54,mac,浙江省,杭州市,浙江省杭州市鼓楼区,其他,sleeping
U001128,2025-08-04,F,25-34,windows,上海市,上海市,上海市上海市西湖区,学生,sleeping
U001129,2025-10-24,M,25-34,windows,山东省,青岛市,山东省青岛市浦东新区,学生,sleeping
U001130,2025-11-13,F,18-24,windows,北京市,北京市,北京市北京市浦东新区,设计师,sleeping
U001131,2025-09-11,M,25-34,windows,湖北省,武汉市,湖北省武汉市南山区,医务工作者,sleeping
U001132,2025-09-27,M,25-34,ios,河南省,郑州市,河南省郑州市朝阳区,教师,sleeping
U001133,2025-10-16,F,25-34,ios,四川省,成都市,四川省成都市朝阳区,自由职业,sleeping
U001134,2025-08-10,F,18-24,ios,河南省,郑州市,河南省郑州市浦东新区,企业管理,sleeping
U001135,2025-09-10,F,45-54,android,福建省,厦门市,福建省厦门市鼓楼区,企业管理,sleeping
U001136,2025-10-13,M,18-24,mac,河南省,郑州市,河南省郑州市朝阳区,设计师,sleeping
U001137,2025-12-17,M,35-44,mac,湖北省,武汉市,湖北省武汉市浦东新区,其他,sleeping
U001138,2025-08-22,F,45-54,windows,广东省,深圳市,广东省深圳市浦东新区,学生,sleeping
U001139,2025-12-17,M,18-24,windows,山东省,青岛市,山东省青岛市鼓楼区,自由职业,sleeping
U001140,2025-09-05,F,25-34,android,山东省,青岛市,山东省青岛市武侯区,互联网从业者,sleeping
U001141,2025-09-22,F,35-44,windows,上海市,上海市,上海市上海市西湖区,学生,sleeping
U001142,2025-08-04,M,45-54,android,河南省,郑州市,河南省郑州市浦东新区,其他,sleeping
U001143,2025-12-01,F,35-44,ios,北京市,北京市,北京市北京市浦东新区,其他,sleeping
U001144,2025-09-18,F,45-54,mac,河南省,郑州市,河南省郑州市浦东新区,医务工作者,sleeping
U001145,2025-09-12,F,35-44,android,四川省,成都市,四川省成都市浦东新区,教师,sleeping
U001146,2025-12-15,F,25-34,mac,四川省,成都市,四川省成都市武侯区,设计师,sleeping
U001147,2025-10-22,M,25-34,android,湖北省,武汉市,湖北省武汉市朝阳区,其他,sleeping
U001148,2025-08-06,M,18-24,android,福建省,厦门市,福建省厦门市朝阳区,金融从业者,sleeping
U001149,2025-09-06,F,45-54,mac,上海市,上海市,上海市上海市朝阳区,金融从业者,sleeping
U001150,2025-08-03,F,18-24,mac,北京市,北京市,北京市北京市武侯区,企业管理,sleeping
U001151,2025-08-16,F,25-34,ios,福建省,厦门市,福建省厦门市鼓楼区,自由职业,sleeping
U001152,2025-10-06,M,25-34,mac,湖北省,武汉市,湖北省武汉市西湖区,医务工作者,sleeping
U001153,2025-12-04,F,35-44,windows,四川省,成都市,四川省成都市西湖区,自由职业,sleeping
U001154,2025-09-22,F,25-34,windows,江苏省,南京市,江苏省南京市武侯区,设计师,sleeping
U001155,2025-10-08,F,35-44,android,山东省,青岛市,山东省青岛市南山区,自由职业,sleeping
U001156,2025-12-21,M,35-44,android,广东省,深圳市,广东省深圳市武侯区,制造业,sleeping
U001157,2025-11-21,M,35-44,ios,山东省,青岛市,山东省青岛市浦东新区,医务工作者,sleeping
U001158,2025-11-12,M,18-24,windows,江苏省,南京市,江苏省南京市西湖区,教师,sleeping
U001159,2025-10-12,F,18-24,android,北京市,北京市,北京市北京市朝阳区,企业管理,sleeping
U001160,2025-12-26,M,25-34,ios,上海市,上海市,上海市上海市浦东新区,金融从业者,sleeping
U001161,2025-12-23,M,35-44,windows,上海市,上海市,上海市上海市南山区,学生,sleeping
U001162,2025-09-23,M,18-24,windows,福建省,厦门市,福建省厦门市武侯区,金融从业者,sleeping
U001163,2025-11-20,F,35-44,android,广东省,深圳市,广东省深圳市西湖区,自由职业,sleeping
U001164,2025-11-19,M,35-44,mac,湖北省,武汉市,湖北省武汉市朝阳区,企业管理,sleeping
U001165,2025-08-16,F,18-24,mac,湖北省,武汉市,湖北省武汉市浦东新区,企业管理,sleeping
U001166,2025-09-16,F,25-34,ios,福建省,厦门市,福建省厦门市西湖区,金融从业者,sleeping
U001167,2025-11-09,M,45-54,mac,湖北省,武汉市,湖北省武汉市南山区,企业管理,sleeping
U001168,2025-08-22,M,18-24,mac,山东省,青岛市,山东省青岛市武侯区,互联网从业者,sleeping
U001169,2025-09-19,F,45-54,ios,山东省,青岛市,山东省青岛市武侯区,设计师,sleeping
U001170,2025-12-07,F,25-34,mac,上海市,上海市,上海市上海市浦东新区,制造业,sleeping
U001171,2025-08-24,M,45-54,windows,福建省,厦门市,福建省厦门市武侯区,教师,sleeping
U001172,2025-12-02,M,25-34,android,四川省,成都市,四川省成都市浦东新区,教师,sleeping
U001173,2025-08-03,F,25-34,android,北京市,北京市,北京市北京市西湖区,其他,sleeping
U001174,2025-10-07,F,35-44,ios,山东省,青岛市,山东省青岛市鼓楼区,其他,sleeping
U001175,2025-08-08,M,18-24,android,江苏省,南京市,江苏省南京市南山区,其他,sleeping
U001176,2025-08-02,M,18-24,ios,湖北省,武汉市,湖北省武汉市鼓楼区,设计师,sleeping
U001177,2025-11-09,F,45-54,windows,山东省,青岛市,山东省青岛市西湖区,设计师,sleeping
U001178,2025-10-24,M,35-44,mac,河南省,郑州市,河南省郑州市朝阳区,其他,sleeping
U001179,2025-11-25,F,35-44,android,江苏省,南京市,江苏省南京市鼓楼区,医务工作者,sleeping
U001180,2025-08-10,M,35-44,windows,四川省,成都市,四川省成都市西湖区,教师,sleeping
U001181,2025-08-01,M,45-54,mac,河南省,郑州市,河南省郑州市朝阳区,设计师,sleeping
U001182,2025-08-10,M,18-24,android,河南省,郑州市,河南省郑州市南山区,学生,sleeping
U001183,2025-12-14,M,18-24,mac,广东省,深圳市,广东省深圳市西湖区,学生,sleeping
U001184,2025-12-08,M,35-44,mac,上海市,上海市,上海市上海市西湖区,制造业,sleeping
U001185,2025-10-13,F,45-54,android,湖北省,武汉市,湖北省武汉市朝阳区,医务工作者,sleeping
U001186,2025-09-21,F,35-44,mac,广东省,深圳市,广东省深圳市浦东新区,医务工作者,sleeping
U001187,2025-08-04,M,45-54,ios,浙江省,杭州市,浙江省杭州市浦东新区,设计师,sleeping
U001188,2025-09-04,F,45-54,mac,上海市,上海市,上海市上海市南山区,互联网从业者,sleeping
U001189,2025-08-06,F,35-44,ios,浙江省,杭州市,浙江省杭州市浦东新区,学生,sleeping
U001190,2025-10-03,M,45-54,android,北京市,北京市,北京市北京市浦东新区,自由职业,sleeping
U001191,2025-11-12,F,35-44,mac,山东省,青岛市,山东省青岛市南山区,设计师,sleeping
U001192,2025-09-04,F,25-34,ios,江苏省,南京市,江苏省南京市浦东新区,医务工作者,sleeping
U001193,2025-11-07,M,45-54,android,广东省,深圳市,广东省深圳市朝阳区,互联网从业者,sleeping
U001194,2025-11-07,M,18-24,ios,山东省,青岛市,山东省青岛市鼓楼区,医务工作者,sleeping
U001195,2025-08-07,M,18-24,mac,浙江省,杭州市,浙江省杭州市武侯区,医务工作者,sleeping
U001196,2025-09-10,F,18-24,windows,河南省,郑州市,河南省郑州市鼓楼区,企业管理,sleeping
U001197,2025-10-24,M,25-34,android,福建省,厦门市,福建省厦门市鼓楼区,设计师,sleeping
U001198,2025-12-27,M,25-34,android,四川省,成都市,四川省成都市南山区,医务工作者,sleeping
U001199,2025-08-24,M,18-24,ios,北京市,北京市,北京市北京市武侯区,教师,sleeping
U001200,2025-08-20,M,18-24,windows,福建省,厦门市,福建省厦门市朝阳区,其他,sleeping
